5.007652643582752002e-05,1.446098008059940781e-04,-2.579632260897235995e-04,-6.006999536934728295e-03,-1.784489179282325658e-02,-3.143660409740374386e-03,-1.043002182592358130e-04,-1.763778089116267017e-03,-4.506475716267123455e-02,3.239332010208941480e-03,-3.183549417523903941e-04,6.396029927735792826e-03,1.384366629932665300e-02,-7.144886858967243286e-03,-1.873273761479471097e-02,-9.779239099798451088e-03,-3.634703205554613847e-02,1.609858525322269140e-02,-8.210908379097360543e-03,1.853027954184349388e-02,-2.304110256596686099e-02,-8.322435649205324470e-03,-5.626731197400740292e-02,-9.715608289739643966e-02,4.450146867144935681e-02,-1.210392695668936619e-01,1.720134614420983088e-02,-4.184295426558171105e-02,5.902142357049850602e-02,-1.700175576590088056e-01,-8.497736957001396363e-02,7.888329207338921900e-02,-4.146107135691782380e-02,1.126451627746725831e-01,7.398796096022401680e-02,-6.106409757995585885e-02,2.538683414084579384e-02,2.407182296292398327e-01,-2.197007698214653582e-03,8.900027411243467412e-01,-4.227571618852686390e-03,-8.955881745455490650e-02,-1.005178219733921657e-01,3.762504849320207068e-02,-1.230517530197467249e-02,-1.648685898418153842e-02,-5.422811048095812526e-03,4.733764303371108123e-02,-5.635216942881292324e-03,2.431955213146293898e-02,-3.831755629231466120e-02,-3.454803455844934756e-02,2.112389490358497837e-02,7.744390106541188500e-03,1.180953900638999909e-01,-4.513344265513073023e-02,-2.857645053317899031e-02
-4.404429326660938196e-05,2.614651515887256262e-04,-1.442431608818665932e-04,-1.093728448808559822e-02,7.914623233274705946e-03,1.380880830473832643e-01,-3.637084667947873551e-02,-9.838901622496400989e-01,4.640606178890805539e-02,-2.122246842811565185e-02,-3.172339825989237139e-02,1.536292183948155185e-02,-1.832905765026617353e-02,-2.095094421232299945e-03,-4.080345897664514054e-02,-3.461198886631131066e-02,1.229874326845267589e-02,-1.659789421043019950e-02,-2.453651002942091111e-02,-2.440495961128055780e-02,1.301686244415135169e-02,2.245139812895493095e-02,1.456433332071933352e-02,1.007322879973244351e-02,-1.082498512396317183e-02,1.389106971203078397e-02,-1.164653871963327453e-02,2.626824723038725072e-03,2.505272657785682922e-02,-2.359770531751171924e-03,-1.239878597759008945e-02,2.237209918456752045e-03,-1.013868070824406643e-02,-6.208003618782947756e-03,-4.343218476057154019e-03,6.305438660669478342e-03,4.612485755499520952e-03,1.767474959423251564e-03,3.963103922639175068e-04,2.564400707959386093e-03,-7.960878654958487193e-04,-4.159159356565322787e-04,-3.655703663431500439e-03,3.656654527379215886e-03,-4.438018549856856398e-03,-5.981309700368165130e-03,-7.092462694481649170e-04,-4.704376246740942479e-03,2.101598916466800981e-03,-5.265273351260285400e-04,5.291403547352912205e-03,6.871967672121905533e-03,5.914243740591774989e-03,1.892403323703252972e-03,5.037150381532357578e-03,5.484630608799087636e-04,-2.703945443747000758e-04
7.599682475222614480e-05,6.842268657203286674e-04,-8.874123375432606698e-04,-1.716552652238193324e-02,-3.035209986318036096e-02,-1.335788313756393689e-02,-9.966516010870873563e-03,1.034474386595996519e-02,-4.882515889608952248e-02,1.179668101836088036e-02,-2.051783413141620993e-02,2.750336954352479782e-02,4.015185121850566724e-02,-1.779947918051542899e-02,-2.980087851470223856e-02,3.933746287782998938e-03,-1.758260962167696242e-02,-8.469756844408695903e-03,-1.153155721692637184e-03,-6.119527120037371315e-02,-8.951752919078619086e-02,-9.994302149325214046e-02,-2.649633476142136956e-01,-6.551632798423973059e-02,-3.401954493317675687e-02,7.179917523499939058e-01,1.138169794501834309e-01,-2.499429275788157545e-01,5.133373216149433871e-01,1.875473681092319073e-02,1.176610735780158068e-01,-1.249753171917901834e-01,2.070856695873378103e-02,-3.803002920503088802e-02,3.739261313199471887e-02,2.514789889789653329e-02,4.885635868743939784e-03,2.414471664087325040e-02,-2.948844937638889652e-04,4.692618192668211036e-02,1.133419876313683169e-02,7.527234999592036582e-03,1.898411966112257751e-02,-1.669966458045211641e-02,-6.190412200828642082e-03,7.147331888357405690e-03,1.000094573662414429e-02,3.699772455095117624e-02,8.565440482368045366e-03,-8.281037990616213831e-03,-1.029479314332919400e-02,6.803460954752922445e-03,-1.167200637748315971e-02,1.117722090885138811e-02,-3.632995155582784477e-03,6.929942086107311952e-03,9.941050648352866073e-03
7.626333114697848880e-05,3.896981972866670461e-04,-1.380978728047596972e-03,-3.678648807162656232e-03,-5.615691548549929350e-03,7.815357001891433397e-02,9.946143503684792275e-01,-2.511281620392131694e-02,1.228221309355924558e-02,5.340778225131272844e-02,-3.212018847885005340e-03,5.950641988741573428e-04,4.801834960162925346e-03,-2.284775599370403310e-03,-2.102781033332773442e-02,2.020759675274541155e-03,-1.788483342327027998e-04,-1.635719313521362514e-04,6.694359905428289839e-04,6.157424804632079599e-03,6.190344073533753924e-04,6.478812333308252118e-03,3.556733452448343838e-03,4.151402509748967212e-03,-3.440853468948552527e-03,1.304161770891464414e-02,1.841119860580567313e-03,-2.406606912300895788e-03,4.208305876562961831e-03,1.738046927285545043e-03,-1.260452088302802150e-03,-1.238461008131547898e-03,2.459135085690153529e-04,3.601162960045702424e-03,4.382822488954872010e-03,-1.581200349571898825e-03,3.704334028324519478e-03,4.493358423710955458e-04,4.021872553310554559e-05,1.740289646849656202e-03,-1.299125066705267273e-04,-8.810997116203497662e-04,-3.374935633410340152e-03,-1.401871451374888484e-03,-6.256282472280178236e-04,-8.173994384167835745e-04,-2.948292524955443625e-03,-6.779710685014899395e-03,1.125522118474775891e-03,1.511230900044157385e-03,8.435860566186170317e-04,2.093025421071949971e-03,1.033087842378958713e-03,7.445532573780773043e-04,-1.371908774575724983e-03,2.933418136974013431e-03,3.884978042712197905e-04
3.490016321065450932e-06,4.269070916561039006e-04,-1.004730746747469535e-03,-2.088957416825409918e-02,-2.717122212848430834e-02,8.785254082886064918e-04,5.318312990515619565e-03,1.519022115108343771e-02,-8.384426084640800303e-02,1.632965507828939775e-02,-8.452479468093663378e-03,6.731173432704513904e-02,1.346313547334702654e-01,4.410505956908944425e-02,1.356884099562882251e-01,-6.257895808390689929e-01,3.597111985719870786e-01,-2.007759204893305172e-01,4.681740467483906376e-01,-2.946467117218548037e-01,1.746175566958805270e-01,-3.023286927557413892e-02,-1.185793057728112658e-02,6.977576631062258616e-02,-6.206565231247474987e-03,-5.788908247852102978e-02,1.427198638655069740e-01,-1.933370728019298199e-02,3.248104485494528876e-02,9.348757574274782489e-02,-9.342532711544280707e-03,4.139550289673474964e-02,-2.126757385885243157e-02,-4.003468915480067059e-02,4.554687461057507075e-02,5.820048270359356839e-03,1.820701041699926425e-04,7.328230453384917097e-03,4.015277872685951428e-04,2.780860250705336975e-02,-2.617937098469108603e-03,2.374204950092106622e-02,1.137937905950117852e-02,2.162824808536159549e-02,-5.398037113489051117e-03,-9.880379675474103632e-03,-7.655448827326267851e-03,1.251598226662159561e-03,-3.914372653691244180e-02,2.473817974193846803e-02,6.134981802404116530e-03,-9.558904418760813364e-04,-1.145285177238663209e-03,9.511216117081759507e-04,3.123924582066155402e-03,-8.660402507507538802e-03,-1.029525144492464232e-02
4.647899277109086478e-05,2.955698148824333700e-04,-1.531160588385740463e-03,-5.251386871128890625e-03,-1.335270780360111632e-02,-3.110222650202909903e-03,-4.104970958383504821e-03,6.187233305096506535e-03,-9.669085421233847288e-03,-2.865902270381037037e-03,-2.787221553836932361e-03,1.094940125355268849e-02,3.337814069212351707e-03,-1.252905811683644247e-02,7.661213786975574168e-03,7.671100934785987473e-03,1.522348046385215044e-02,1.370787519247631224e-02,2.437319714907135865e-02,-2.604691065531298047e-02,-1.611889858026950215e-02,1.574062130443234023e-02,-3.499701580357335307e-02,-6.738407510936522335e-03,3.330552805586418225e-02,3.245676907204415179e-02,-4.721897171747271166e-02,-1.554011515928903700e-02,2.981943998978240154e-02,-2.940373795966278944e-02,-3.744912299831205243e-02,1.082329901058130261e-01,-5.561937219593728748e-02,-1.713643020738031889e-02,-1.947981898717854668e-02,-1.356856415271482383e-03,-2.729620295027761559e-02,-1.439223258159210393e-02,1.247995148583384102e-03,2.433527769194003196e-02,-7.887286639248017664e-03,-7.965539758639428314e-02,-1.876657701312368365e-01,2.646064069804252017e-02,-1.484333129424433503e-02,-3.286682182782343226e-02,2.570147332506928298e-02,-7.526331218657201783e-01,-1.263715367373907106e-01,-5.669533242637652126e-01,1.307740023988843425e-01,-1.272294461045820214e-03,-3.495575129418485028e-02,1.203467435966408712e-02,-6.471616743636657287e-02,8.677710515828624543e-03,6.324337274377206039e-03
-5.777517557546625308e-06,3.847698030415334729e-04,-6.127831699349523854e-04,-8.492853905657002378e-03,-1.976973775196001412e-02,4.164740828768585985e-03,7.094872131221644125e-03,-3.401624165908830196e-04,-2.833060395322386377e-02,-4.520055413006618741e-03,-5.032002198777672970e-03,2.175955360765401830e-02,2.237115991789365849e-02,-1.773642325567823322e-02,5.384185981648371283e-02,-2.084114175423313481e-02,-1.162239279531862048e-02,7.180572236356786223e-03,1.018581125241373453e-01,1.966077064346838724e-03,-5.372307385079265127e-03,2.345821659356508646e-02,-4.721680257531132852e-02,4.568882006623943386e-03,6.861979476617481588e-02,-2.079939740530308999e-04,-1.803573862977760900e-01,5.652500408399473153e-02,-3.777660472438398170e-02,-2.688659964525808577e-01,1.536204611185233992e-01,-1.528410101152562761e-01,2.097367746745121275e-01,-5.707120623325796505e-01,-6.311238015980660254e-01,1.118161877408529042e-01,1.150628631757315001e-01,2.950924150070318927e-02,6.429654324288475121e-04,9.955642307365067389e-02,-3.116888792025249589e-03,-9.927548416954949315e-03,4.633594913245550617e-02,1.865927277021440372e-02,-7.831470812809706791e-03,-3.120868053679215753e-03,1.733442740565636214e-02,-7.332185414238832216e-03,2.092617732812099632e-02,-8.578383985747723220e-03,-4.073191508194826810e-02,2.743600838461377617e-02,-1.576389995354858173e-02,1.501220593582430762e-02,8.038965710385279073e-02,-3.256881394173279792e-02,-3.165522569039903866e-02
3.402437993260033240e-05,1.925426113566626690e-04,-5.509075005908675889e-04,-7.135402374901246222e-03,-7.371852526384683156e-03,1.195594185938917732e-02,3.170291580910882109e-04,6.323280656572945885e-03,-8.136446335915593908e-02,-1.517559463063044211e-03,3.133090459693469582e-02,-3.903364894389382833e-02,3.039525997148840447e-03,-4.306728175137941594e-03,2.547128895529612511e-02,2.287549377320751212e-02,-2.672017175333509659e-02,-3.861182775593826905e-03,8.748711392754059124e-02,3.461781495965455396e-02,-7.457996966944238637e-02,1.383356069635579277e-01,-1.908234520931941652e-02,2.390037563727789513e-02,8.205710236629983056e-02,-7.256248465707673678e-02,-5.621005551371924813e-01,1.060380746550782377e-01,2.914724855645572377e-01,6.991396941647660679e-01,-1.207920294043030307e-01,4.362905295292998642e-02,3.318994178474630324e-02,-3.975272532420142529e-02,-7.651655620025506199e-02,1.324136235516929806e-02,2.160491177989952785e-02,2.122928776132844420e-02,2.714773903669967059e-04,9.108060524942047931e-02,-2.945585506865070770e-04,-1.846744763574965573e-02,-2.010029169824310846e-02,2.975234142420011413e-02,-6.008620217160320215e-03,6.169021983885784703e-03,-5.100329406039322624e-03,5.515420066798371046e-02,-9.864957696414006910e-03,-1.461663706137041573e-02,-1.198331270872158780e-02,4.930274231122316062e-04,5.069647712598428224e-03,1.988338177450799799e-02,2.964976243168369885e-02,-1.478889188808880581e-02,-7.095962004047515724e-03
1.376562052458852269e-04,4.762772170878003123e-04,-1.025704115234323931e-03,-2.785224912620688428e-03,-6.950677606070045436e-03,-5.421929895232427930e-04,-5.075640613964461055e-03,-8.554598201533312725e-05,-2.931011344670549079e-02,7.459538558863412945e-03,-2.127913175631099447e-03,4.572197309364768245e-03,5.004047219941070747e-03,-4.128029515435927520e-03,4.027383250897235517e-05,1.571602190802738608e-02,9.384825062871437508e-04,9.680302961605021959e-04,4.427292431053950206e-02,2.946811794521349281e-02,-2.016893055702123974e-02,4.279154750816659136e-02,-3.895623504935750298e-02,-3.367567754161081978e-02,2.217723989481730495e-02,1.287771900947131017e-02,-5.664034520535472794e-02,3.167069304585564456e-03,2.448316824539978689e-02,-1.446260611388272554e-02,-1.725945314519730656e-02,4.544093891495729759e-02,-3.760389590815888666e-03,1.110748358680996306e-02,-4.236826732697643837e-03,2.643814209388047672e-03,-3.901742662379348303e-02,8.624520148976027797e-03,1.128843848032615518e-03,4.713221276351255151e-02,1.332169400244961541e-03,-1.399254149534938201e-02,9.537213839217367761e-02,-1.396649503620862043e-01,1.881855671430023719e-02,-5.596124814847269063e-02,-1.249631432613505788e-02,-4.787615594872102198e-01,2.459033052000930974e-01,6.687779765983875579e-01,2.626321487810441835e-01,1.828057277452979357e-01,-1.573582146695441941e-01,1.414185674411360012e-02,-2.298557004956660044e-01,-1.677283516942624231e-01,-4.722362257400742475e-02
1.234703620669967271e-04,8.082977688355803001e-04,-1.342888205124754836e-03,-1.265372648459894313e-02,-2.276567930531486414e-02,-1.795298001907185553e-02,-6.838766790426263099e-03,-3.642234822233505337e-02,-3.905768228809866627e-02,-2.149713557946881116e-03,-4.103092008708524724e-02,2.376502118459703633e-02,1.803226008734753333e-02,-1.288244213080370210e-02,-7.222603122973036971e-02,2.963623481302486359e-02,-1.220147323786578558e-01,-1.062388250186818150e-01,5.323254290207879436e-01,7.804866875113519731e-01,9.734456522022467972e-02,-7.541092694678735997e-02,6.485165154087367545e-02,-5.280683648928749530e-02,-4.527072545990045577e-02,4.252621106112348254e-02,9.504985729912274195e-02,-5.819517886646467797e-02,-3.870626672275134794e-02,3.959561765691298890e-02,3.559555289143229162e-02,-6.639276466522477105e-02,9.156375374250914911e-02,5.263680353140617885e-02,3.731604210795361198e-02,7.609462869713408927e-03,1.021405744547208491e-02,2.276469493831112870e-02,-4.708213473274519122e-04,-6.347712614883509706e-03,-1.773789449224059652e-03,-1.257085681815991486e-03,-4.598897670871909468e-03,1.033639835370649650e-02,4.167913587790170356e-03,-1.001496297250576741e-03,-3.128380126712856837e-03,9.428555643575519188e-03,-1.917286620383063661e-02,-6.229741800523486833e-02,2.561424459449336555e-02,1.567669028249671749e-03,-2.849962551313027850e-02,7.000656499494115406e-03,-1.050250697521822908e-02,-4.445242845320551694e-02,-2.291637293193347219e-03
4.520593507869340898e-05,1.779096112868789920e-04,-5.343802540446613821e-04,-4.474830025771166404e-03,-1.618088475717348318e-02,-7.908666882392934722e-03,-2.169325306334585028e-03,-3.670405091710886129e-03,-4.384291627775432215e-02,-3.983664967773086971e-03,-1.666377262911725079e-03,8.293959156547413974e-03,1.097826855292037378e-03,-2.196025892631464724e-03,-4.663117547119935771e-03,-1.924080368153003109e-02,-2.208605125224443605e-02,5.153742676633126484e-03,4.241220714003301334e-02,2.741151268040211905e-02,-6.082449716072091568e-03,4.600336281932194266e-02,-3.431012112049794133e-03,-1.672549873139395809e-03,5.943639216987973289e-03,-2.778774349119618545e-04,-4.387050699995215242e-02,2.142132562283434113e-02,-2.538072511299161696e-04,-3.113057860179477276e-02,1.611293483363577736e-02,-5.236082019370687755e-03,9.611701665092705141e-03,-1.771520578596106135e-02,-3.661403346128293962e-02,5.364420172244971710e-03,2.086040702035121125e-02,6.397138341905613326e-03,-3.203763521950639490e-04,1.132372786342627641e-01,-9.232135815710768717e-03,6.468362403906892377e-03,4.702819837972641720e-02,6.097766377242575409e-04,-7.654371615602963662e-03,-2.726175969786389514e-02,-2.671939518614140779e-02,1.558949694449668355e-02,9.074102150921592403e-04,3.965494038715824954e-02,4.330489986025021221e-02,1.174838837491291345e-02,1.706382514880327994e-01,-2.426149593831997686e-01,-5.038850696746418611e-01,7.551636545746098772e-01,2.311087452292394651e-01
5.865941093207579734e-05,5.163930672310739801e-04,-1.821095290856723911e-03,-3.293317727391206068e-02,-2.879317447020930676e-02,-2.698852733294700157e-02,-1.439395910221557585e-02,3.096068086970664435e-02,-1.404408339524385596e-01,4.568782996302900995e-02,-1.023822167716919862e-01,2.237710662279244478e-01,1.699849570743372229e-01,2.000444816113959856e-01,-8.150667231794944678e-01,-2.283474217597294964e-01,-2.732912426323813593e-01,1.751519789246156478e-01,2.127223384848831757e-03,-1.006992338195347031e-01,4.355137082420196259e-02,2.555678434571319671e-02,-9.738327878185576089e-03,1.699611245968458625e-02,-2.470865233470607904e-03,-4.839077181794439880e-02,-2.160083571817610071e-02,-1.960171377535486689e-02,-1.895513315081935948e-02,1.670521917652200566e-02,-7.652772105834484799e-03,3.668846122092649792e-02,4.769790233517403645e-03,-2.195983495058606572e-02,-3.116362557250564394e-02,4.427145735149225735e-03,7.173783105164607474e-03,-2.047039044910851230e-02,3.155799948258452593e-04,-3.686972012480552868e-02,-6.579862244769669067e-04,9.438798160346012489e-03,-9.480010919362574437e-03,-7.721681396225309711e-03,-3.859667796253785782e-03,1.223482852213945114e-02,-3.166414005090238768e-03,-4.996219778499310683e-03,8.650171260506652610e-03,-3.904892881858219346e-04,-1.071792338026710499e-02,4.298131697348455196e-03,-3.854634731916458442e-03,1.972632846747838717e-02,1.186330286230952505e-02,-1.157962614939156420e-02,9.759896502365424109e-03
5.734099499781493794e-05,3.511844616012878506e-05,-6.863236660098170341e-04,-5.191088397356703917e-03,-1.592714872963284234e-02,-6.448035356680878807e-03,-3.996812502578074404e-03,6.316044098267094807e-04,-3.003005712711488782e-03,1.343062398535178371e-02,-1.099379935467672577e-02,2.156459878998852331e-02,-3.080626424463299082e-03,-1.459767943950647864e-02,1.834567429070243019e-02,1.061238138396483621e-02,1.089712481221030357e-02,1.611629907839903786e-02,2.431909927778650241e-02,8.927894408822877048e-03,-2.842563490288667685e-02,-3.689686507483400796e-02,-4.072198717995879208e-02,-2.947027859004626091e-02,6.566570102204777326e-02,8.408919043178886624e-03,-3.673922358983285064e-02,-2.998025872676987266e-02,6.800855201180368986e-03,-5.692784421599746819e-02,-5.115337836076719324e-02,1.514772876946197111e-01,-3.183967298590910378e-02,-2.976604908102403399e-02,1.329787802728062407e-01,-1.268083794937643616e-01,8.995257005832131281e-01,-1.795430282056079130e-01,9.553240128381650098e-04,-6.309409913914644508e-02,-4.335401986205101102e-03,-2.436425080048900890e-02,-2.131598962951154197e-01,3.653407632467250282e-02,-5.690229750375181902e-03,4.902123624543993329e-03,-2.458758699215954704e-02,1.144344337354924988e-02,1.939250599664863253e-02,5.964741018136689860e-02,-4.984459629018342733e-03,1.109036306202997035e-01,-7.486566765741965723e-02,-3.589967216972336089e-02,5.503941726610728918e-02,3.497341254312996001e-02,1.948366801701838583e-02
1.145409886951790696e-04,3.955677227104244095e-06,-4.696026093018467232e-04,-1.912518371629990657e-03,-6.794756450205478686e-03,-3.321493211552403214e-03,6.189011340746162528e-04,-1.165420900890146464e-03,-5.154078005075754358e-03,1.418790122894026361e-02,-7.054690341843262644e-03,6.198370873191799170e-03,-4.437868349588053145e-03,5.986521838193618536e-03,-1.536647684684495441e-03,-1.759585115979316787e-03,-4.324483325480218791e-03,1.099825003940768479e-02,-1.904318784313097437e-02,1.417584849821380139e-02,-1.568271575301201370e-02,6.268538270569859634e-03,3.255739911244023149e-02,2.129641504855810455e-02,-4.964237144573537854e-03,-2.042548359047245687e-02,1.051768819714948931e-03,-3.354157109280966192e-02,7.331369575116246200e-03,1.813165582350119431e-02,-4.398116866453639917e-02,-1.005713648438987277e-04,-4.875356369309566396e-02,4.599439239340896018e-02,3.646477605576712439e-02,-5.884713876036413993e-02,1.987650539038785524e-01,-1.058434757811470145e-01,1.263791703227362846e-03,1.167194560695549582e-01,-1.503722851578612185e-03,1.181922108529423754e-01,9.144559895192293508e-01,-6.375362553181329606e-02,-8.662311982724399048e-03,-1.401214702243866114e-02,2.372871467224384190e-02,-1.249113582207574819e-01,-3.627148250672308089e-02,-1.595327270778908735e-01,1.399743388899472168e-02,-3.941557338168168861e-03,-5.146897809159283084e-03,-8.246541457436189215e-03,1.443340609736793734e-01,3.063052454378407605e-02,2.596362798728173507e-03
8.595635040228497524e-05,7.209175173017912022e-04,-2.993505845255069100e-03,-7.424861660421328349e-04,7.062728366895865140e-04,1.308019363598184005e-03,-1.887199600426350127e-03,-1.924341034053827669e-03,2.860676725687947165e-03,7.989820599734926559e-03,-5.474406198715188639e-03,6.029593292456561331e-03,2.350323660137004604e-03,1.359169596873836079e-03,1.084601194424996209e-02,8.946708777854334160e-03,-4.832633112777364945e-03,-1.611642569206604703e-02,6.860931673921524809e-02,5.705526178855870045e-02,1.983887643342559497e-03,-3.582108577878238137e-02,-8.686651212391728605e-02,-8.183337798707197852e-02,3.138569301579698795e-02,7.965389205668414740e-02,-4.329078214803772778e-02,4.756824835380535355e-03,-4.091345862424904806e-02,-2.021237164059338023e-02,-9.095283172729275167e-02,2.126243291905872412e-01,-6.507703630182463950e-02,-3.022846549845282626e-03,-2.932143437919604301e-02,2.702018172360717146e-02,-9.227323981491711291e-02,6.829978930836548036e-03,4.497562702508296848e-04,-1.115879348341134308e-01,-9.695927136435182614e-03,5.167895553437205393e-03,-6.226485191568549571e-02,-1.452662056763682485e-01,2.224899240780629610e-03,8.211586952698984865e-02,1.781281272630614795e-02,-2.692487983019208331e-01,2.879136065270624517e-02,2.796710152405294525e-01,-2.811683519714149315e-01,-2.168204380468859993e-01,2.646479987650540711e-01,-1.344449569968361180e-01,6.163521983424257167e-01,3.183217354204244121e-01,7.155349909013260234e-02
1.983877896252554099e-05,4.621549983342624745e-04,-1.441214532989291118e-04,-1.985706957843604839e-04,-5.185239918020536493e-02,2.319185437504329723e-03,7.284471402755986376e-03,-7.329466409352098852e-03,-1.025641146469704612e-01,-1.929321045515876645e-02,7.646183925943853899e-04,5.975238615824102900e-02,1.380373032598761762e-01,-2.314673391021719040e-01,3.710178688977772699e-01,-4.363122974171499413e-01,-7.274341416828777884e-01,5.239394354939412579e-03,-1.721860691700309032e-01,3.098199128479013284e-02,3.590403852392800438e-02,2.648720081072877125e-02,9.283354268742000093e-02,6.348681648737354577e-02,-5.006066498941669912e-02,3.671038055525589761e-02,-2.433138106448997241e-03,2.788227908605506698e-03,-7.556174538707847999e-03,-2.173781698464252211e-03,-5.202279436546151416e-03,4.045436443853038869e-03,-1.929686572629775790e-02,1.695970921670496290e-02,1.840143743720334263e-02,3.671525537622206872e-03,5.697343727016582898e-03,-9.158406474451017548e-03,3.337048421337282457e-04,-2.469245688604058617e-02,-2.086147469207861802e-03,-2.397587547038963676e-03,-1.523225828824455869e-02,1.041543727579901735e-03,-3.099315574083942332e-03,-4.823160551148481835e-03,1.311042113930584695e-02,-2.520424522830565228e-02,-1.384964207796175739e-02,1.452005752120802580e-02,-2.674658910721038844e-03,1.935589239179851201e-03,-1.846590686662174336e-03,1.829390739018592815e-03,1.349720123879214438e-02,-1.111593853166901839e-02,-1.126617450100450384e-02
5.847139961093231290e-05,3.272662022809098977e-04,-3.398871264852572523e-04,-1.006240294176833673e-02,-2.405865745149654913e-02,-7.919152812209454689e-03,7.697280262873581547e-04,4.223839467575670088e-03,-8.937473771491410979e-02,1.118287265294636880e-03,6.608633819782093813e-03,1.779126320949176582e-02,2.731818223473756260e-02,-2.673508478153082193e-02,5.580779592202980352e-03,-3.912744982976932434e-02,3.126478206557150447e-02,1.036685080637455431e-02,1.747475411935652256e-01,-1.615449595925528420e-02,-3.871378891877735179e-02,2.501668660207969075e-01,1.985332439300710808e-02,2.600719979053789724e-02,1.062768465856055305e-01,-7.551565421976658143e-02,-4.904470637123155563e-01,1.473949381417509474e-01,2.615549508694502423e-01,-5.286207869733687836e-01,1.055145486481864903e-01,-3.012913890061091338e-01,-6.325470064036037288e-02,1.902828946967281276e-01,3.004502240791342427e-01,-1.354271291426835389e-02,-5.262155785027528010e-02,-3.761656112633438021e-02,-1.578726167010571533e-05,-1.223444218404522582e-01,-6.835273496851644679e-04,6.238250530446082937e-02,-4.105389053331520710e-03,-2.463058832225989078e-02,3.923514081374786049e-04,3.506034535578802375e-02,1.518567332688893108e-02,1.226010684675375717e-02,8.727882870177583810e-03,-2.291943249894594359e-02,-4.652681708685672129e-02,-1.126959465109376307e-02,7.061491067953037763e-03,2.346209201869564175e-03,5.306474715499921724e-02,-9.101138737488342900e-03,-4.602853793260500322e-03
5.533267119015470925e-05,5.445265748366422999e-04,-2.680490244283278718e-03,-1.051602356192559914e-02,-2.067374265085369922e-02,-7.703675219749266632e-03,7.268267393693783433e-03,-3.345788686290334518e-02,-5.086396244573393455e-02,8.175206152258437595e-03,-2.322958203452651568e-02,2.666334114916963857e-02,2.921524452279097503e-02,-3.567479929514911358e-02,4.920293175197396757e-02,-3.905797493272974985e-02,-6.738765380799163762e-02,2.359647876260398403e-02,8.572921213006191865e-02,-8.719836773418040976e-02,-4.394570106506160562e-02,-8.706055073396060107e-02,-5.544922948989962075e-01,-5.284809170493174335e-01,1.035140070852544891e-01,1.239084504417324317e-01,-1.316175561879978084e-01,2.727736444216402045e-01,-4.431308333202315652e-01,6.627677265454680333e-02,4.672603795031300689e-02,-5.894766954608086917e-02,7.719513500357701175e-02,6.199301412665473437e-02,1.107628896816268416e-01,-3.122675764798068035e-02,-2.804589337048546752e-02,6.301192707233513671e-03,-2.040753687879339883e-04,-1.952884177280452341e-02,1.156595605940231170e-02,2.109307453322044335e-02,5.839713894400367505e-02,-2.337892713985741458e-02,4.405791202586416440e-03,7.328131622498474523e-03,-3.081364808075675882e-03,5.780576824813715708e-02,-4.110292648016181799e-02,-6.485586960891023822e-02,2.997983791250064672e-02,1.787113808934098075e-02,-1.434492045554619857e-02,4.316810291567078212e-02,-6.675829470169097890e-02,-4.318014987031137258e-02,-1.684529955689833788e-04
-1.609130578346826767e-05,4.722002281168201235e-04,-4.644142895330169787e-03,-1.421505869220508478e-01,-6.439035148960725596e-01,-6.677620019565273513e-01,4.395665653806039158e-02,-7.822972365735693379e-02,2.560383959862997938e-01,-1.146246318225229398e-02,-1.064090507342203840e-01,1.367799918385904090e-01,-3.999018319365459789e-02,4.336554063798301467e-02,3.641496478606028736e-02,1.311638565468690142e-02,2.797404359778552299e-02,-2.947218344750290181e-02,-3.683138226608211052e-02,-2.742960130786660164e-03,1.646078223752988484e-02,2.328658132513567944e-02,3.044286981427477695e-02,2.060686317808008150e-02,-1.630706878874944865e-02,1.789240523893090296e-02,-2.664564070000078819e-02,4.768276943500471265e-02,-1.011023557323167260e-02,2.511803018349543018e-02,-1.104437069841371615e-03,-1.975732983638136230e-03,-1.214606706687532470e-02,7.332877645290863944e-03,-4.790202191093447838e-03,3.254297841150107212e-03,-1.110246495362059507e-02,6.858355639862293365e-03,2.784841078867517907e-04,1.016066964840268982e-02,7.023690754799311129e-04,-1.670036930922850268e-03,-5.307299973931403105e-03,-3.327163911436742979e-04,-5.458657311406410646e-03,-5.637018076837591561e-03,1.436721665928463322e-04,5.503981607263390419e-03,2.957259478713268087e-03,8.088285207194482671e-03,1.851187701282759742e-03,7.021483415498482213e-03,1.202212672749220466e-02,4.284284134773774788e-03,6.386398838875590248e-03,-4.987069645177428200e-03,-5.457631879883929719e-03
7.683220802791239997e-05,5.065570983220472629e-04,-1.043611519956701454e-03,-5.064620851116989099e-03,-1.385382444672518011e-02,2.751332467128182486e-03,-4.119232164368422100e-03,6.799981803330529782e-03,-5.929875093747977166e-02,-4.068264728066302988e-02,8.150503966115893797e-03,3.122451716126723505e-03,5.712161784200122695e-03,-2.673681412758652579e-02,1.352417053297750096e-02,2.832695347176416786e-02,1.093660517727176699e-02,4.895296743358672209e-02,1.097605975619224405e-01,-2.372496001219171011e-03,-2.389242055826898692e-01,8.869572244624689406e-01,-3.577718414975301214e-02,-3.796818509272648079e-02,-1.162423525636188254e-01,1.254569735855660950e-01,2.633210157708719135e-01,-2.301076656779982299e-02,-1.330825455672530189e-01,5.350660008787970490e-02,-1.648415483184766800e-02,7.166782365421728307e-02,-4.404450335962439150e-03,-2.480054877119851342e-02,-3.026894226184500755e-02,1.757642354238913174e-03,3.227762049777272574e-02,5.439744342852576887e-03,4.531169723504298178e-04,1.357378447785678906e-02,-1.602094583902382262e-04,-6.405115880283720337e-03,-1.213065313563648114e-02,1.399639609338333007e-02,6.695589659969395594e-04,5.882074146822938512e-03,-5.735321635132436917e-03,2.912815813898125827e-02,-6.826130605937796164e-03,-1.123582054710116178e-02,-1.373388145681106280e-02,-5.903171377664761903e-03,-6.251228029571665392e-06,8.320030731202637461e-03,3.507708441246953218e-02,-1.598155084148029231e-02,-2.233338884393171880e-02
1.406024804809119001e-04,1.622836231490034069e-03,-3.699260698476443138e-03,-5.919487019191025517e-02,-2.330816904791506994e-01,-1.314016681807572695e-01,2.534063332601373120e-02,-6.167962025834799328e-02,-8.639072677399066702e-01,-1.123805421303100543e-01,1.398553615098137026e-01,-2.464243458508375284e-01,-1.953320589223346282e-01,7.626463511371119920e-03,-1.948085548765729827e-02,5.326637018183597722e-02,7.702367680401048244e-02,-4.752634318818016457e-02,-1.023986264016370218e-01,7.997790906863680785e-03,5.219887413030024209e-02,-6.839577291194803843e-02,4.566440802173366703e-02,7.913753523406622664e-03,-4.134886165242544070e-02,4.391948603638414113e-03,6.202381703051013800e-02,1.479266375008652171e-02,-4.830821251060510302e-02,-1.293634643278044304e-02,-6.762274189667316117e-03,3.959977091498431169e-03,-6.842127991500706122e-03,3.265608505530678655e-03,-1.668739950107838918e-02,9.229837582491871861e-03,4.155106422155564402e-03,-8.665183686348387759e-03,3.332866408183861144e-04,-3.635269868237714364e-02,3.321601340221032317e-03,-3.586604306796068332e-03,-5.802083285504874496e-03,2.225518970022101386e-03,-1.341006992744673415e-03,-3.894221812419346868e-03,3.069635174114344715e-03,3.059642572987988441e-04,-6.360329142693971942e-04,-5.708132562034953610e-03,-4.106990005028925660e-03,1.077118418213514513e-02,-3.385892928530715579e-03,-2.934895103554621774e-03,2.754435636404564680e-02,-9.802467246834020709e-03,-1.212109579001456605e-02
2.654345690130438160e-04,-1.230315038335211091e-04,7.175641773153108340e-04,-4.084122693934123631e-03,-2.682630646516325369e-03,4.891124016764981236e-02,4.649667929304090314e-02,3.621535317347050059e-02,1.398788721372509480e-01,-9.706276337936403653e-01,5.693626503174257364e-02,-4.622007627488849968e-02,-1.317761397013785148e-02,1.305913708560492437e-02,-8.123352139878731171e-02,-5.951801390039994366e-02,-1.485150286203421044e-02,-1.748468991946317691e-02,9.772405414666691242e-03,-3.810103379469138851e-03,2.718616404461008870e-02,-1.696049470835038486e-02,-2.470218959133185441e-02,-2.164692056155369942e-02,3.897494231774142025e-03,6.031749908836925300e-03,-1.671451267979388519e-02,8.701443112387862583e-03,2.156804271228611458e-02,-3.525569498159950455e-03,1.774467453837290072e-03,1.233810894833032982e-04,-6.994359066675430274e-03,2.822966354094792654e-03,4.546664706299756269e-03,2.387118870351874478e-03,1.930346036423958092e-02,-7.141150328147170649e-03,2.455608301323974202e-04,7.154122574417490742e-03,-6.291740726500738134e-04,-1.527413595173660174e-03,1.127517542604314187e-02,-5.086757193090495760e-03,-3.965955241133202122e-03,-2.076359292892951403e-02,8.598980655860147260e-02,-5.297910574600939171e-03,1.917815700077070765e-03,8.070935709317356155e-03,-1.942805170189819625e-03,9.758019266379652432e-03,1.528812143664959322e-02,-3.850036743945500772e-02,4.151080457234792263e-04,-2.693819510570516496e-02,4.171529479266999213e-02
1.180581136087554059e-04,3.652754135312165145e-04,-1.723363629131858046e-03,-6.361334849033986952e-03,-1.911058970944881988e-02,-8.754171696013425975e-04,4.553362751811745705e-03,3.179446883994864557e-03,-2.105635928292874659e-02,-5.218993961803338258e-03,-5.717477464729143512e-03,1.626962106867797797e-02,1.991234617065764517e-02,-2.010227132199523051e-02,3.192298818857633447e-02,6.055084097645430444e-03,-7.138442091123457789e-03,8.470553222847289690e-03,1.019064414336494362e-01,6.471020343231548289e-02,-3.498613839423684452e-02,-2.334515343486220224e-02,-7.572861873492847673e-02,-5.165334613378346623e-02,7.249266141804067143e-02,1.013747600507103469e-01,-1.728364846750411465e-01,-7.799434480853233154e-02,5.874241777641875384e-02,-2.662806025076498995e-01,-3.393424122069525484e-01,6.305779980811646590e-01,-3.361725311144774797e-01,-3.281656455363041180e-02,-1.572701176542142254e-01,9.341584698365826278e-02,-1.706444209083084473e-01,-2.533485973007232675e-02,1.330985677396154601e-03,-1.077510992247232430e-01,9.129998532321748593e-04,2.464515252731914324e-02,7.539383992937816192e-02,7.314441015157314985e-02,1.079521325675380280e-03,-1.497956817598792949e-02,-2.242119637929640419e-02,2.355525647489142282e-01,-8.842672590434097653e-04,-7.182003879329415530e-02,2.741951620938732834e-02,1.690948608712926904e-01,-1.704761993073127535e-01,-1.673970019653972172e-02,-1.020186785896709109e-01,-3.744641136623421546e-02,-3.174906542424748429e-02
7.243389880349716716e-05,1.497933249174102587e-04,-5.642654682942713001e-04,-8.664997837223041566e-03,-4.405705686496595719e-02,-3.692373795547457954e-02,1.184206242406572566e-02,-2.024107437980142074e-02,-3.168979033201275997e-02,-3.145649902871157973e-03,-1.906347144711927760e-02,3.464339457949248274e-02,2.614568475132721635e-03,-3.042001045785779414e-02,5.311837832640745743e-02,6.245918809139146786e-03,-5.691278372477515113e-02,1.126556765533221621e-02,-4.785947156302156752e-02,4.039971243536896739e-02,-5.812747665388794116e-02,4.397212284818274169e-02,-2.504817148198337784e-01,-4.146756160233894817e-01,1.568940975816513761e-01,-5.817591371784650578e-01,2.667085445991215220e-01,-2.771733256545092505e-01,4.353922423609958292e-01,1.427107052476840436e-02,5.095969492603989043e-02,-3.144734108078905271e-02,-1.467796999068985038e-02,-6.723695586813174807e-02,-4.764820384261630321e-02,3.182370459580143723e-02,-3.467489467235948530e-02,-4.733253815573332940e-02,7.193455822613440982e-04,-1.580445771956565937e-01,-2.995054059475596355e-03,1.807725926593968871e-02,1.511146728818732118e-02,-1.546103501623140655e-03,5.541353866804606338e-04,-2.675435031881407549e-03,-1.232903511428193669e-03,-2.370463938428542076e-03,2.035690126900031004e-03,-9.287997760759166693e-03,-1.081777636669989558e-02,4.093654744692819952e-03,2.765602676410075229e-04,-7.292811478900592531e-03,-4.933873511047176877e-03,2.422092709873864200e-02,1.084960259985406905e-02
-1.710393309759053199e-04,-9.075613562013819550e-04,2.644542640297068564e-03,2.185584243559892878e-02,6.115104218902549515e-01,-6.100913602144489856e-01,5.312949092228058667e-02,-9.115054432307168053e-02,-6.757901418293731088e-02,-3.463967902497956663e-02,3.628162298517452755e-01,2.699983231295232100e-01,-7.199019283848578921e-02,-6.545061101894657229e-02,1.854831631642725812e-02,-5.931485239039374635e-02,4.786515639318683624e-02,1.084575456613751931e-01,-1.730423099782612065e-02,4.487970472598821342e-02,-1.487226322734684809e-03,-4.181984672345769906e-03,-2.379214319450307508e-03,-1.412537266600409971e-02,-2.063646082088635772e-02,1.558973764627732614e-02,-1.437691151173385237e-02,-1.196972851663398105e-02,2.908542349924555116e-03,1.717981282383238689e-03,-1.896245684139499441e-02,-3.810495627432330164e-03,4.760160790969402214e-03,-1.295852203123161635e-02,-4.035108174436846185e-04,8.048777473282215517e-03,3.008705718745304132e-03,1.554175430681564718e-03,1.681712167297809044e-04,7.150892735261467001e-03,-4.819586227447516494e-04,1.137380046042303812e-02,-2.121006777220439416e-03,-6.480181358352643355e-03,-1.493438050938723869e-03,-3.008716384310481263e-03,5.823775772233439089e-04,-2.233428292515948939e-03,-2.713718272245297690e-05,-1.925467952684892280e-03,2.433560813219359884e-03,3.290968326117242170e-03,4.428971722240340747e-03,4.768726210932779097e-03,8.291907790208307479e-04,-2.790843305158571905e-03,4.182062960389521661e-03
-1.068611722215470741e-04,-3.954793890601960194e-04,9.547377469464637641e-04,8.976674426813036761e-03,2.104670531593177407e-01,-1.735624081038008859e-01,1.226522663086362756e-02,-3.983560641224367579e-03,-1.253098844527985624e-02,-1.672811213934275419e-03,-2.262386669654683213e-01,-1.118570223925173523e-01,4.033681698545522887e-02,5.291418267718146773e-02,-1.155177741954201837e-01,1.669989683769549926e-01,-2.040540262627799084e-01,-8.494491123549996470e-01,-1.795272878791251414e-02,-1.538407383574471876e-01,-1.376137972184660573e-02,6.263679827153681434e-02,-2.641901914870273607e-02,4.908362155134919982e-03,4.988129251795637292e-03,-2.345437838871487074e-02,-5.427172131188116866e-02,-8.630534781815511758e-02,-3.590912783280528903e-02,-3.869929600422310906e-02,-3.564376754556934646e-02,2.797629831235756356e-02,7.406560425488614707e-02,-1.926878534717077138e-02,2.800418307596353601e-02,1.101322517370565031e-02,1.503718142818532590e-02,1.268972542923656535e-02,3.295724163273163528e-04,-9.018071526750054715e-04,5.788321190546788335e-03,1.384273034480034553e-02,5.778379816065402040e-03,1.019972895167790654e-03,1.884546921491971451e-03,-7.742939011369257864e-03,8.054198528376174020e-04,-2.011683459116871044e-03,2.155622193062063999e-03,-1.359446714510195720e-02,1.635701443656282714e-02,2.725262664597257432e-03,2.205269050459509553e-03,-1.913165420812304798e-03,-3.733469812221560519e-03,1.251975313204135810e-03,3.742988598884219170e-03
-5.578862997950360773e-04,-8.584684450311637566e-04,2.054081681152469634e-03,9.853657786696675691e-01,-1.378017146731286280e-01,-8.012463496465775659e-02,8.435128532247910746e-03,-2.166549077505028342e-02,-1.717697622876967339e-02,-5.597338035040650382e-03,1.533783419593914149e-02,1.554940581760399544e-02,-4.961695363535180599e-03,-2.598742695606344466e-03,-3.058699419035275022e-02,-1.933292753814922979e-02,7.125601143442573428e-03,-1.564930398966869404e-02,6.550895331538421872e-03,2.027293177820302644e-03,7.206264621559967110e-03,5.303671326902496645e-03,-6.664686332318090975e-03,-1.062163600661604999e-02,-4.248969959628168605e-03,9.209482761701536652e-03,-5.869599032238553490e-03,4.687047120489343938e-03,8.631740472439445797e-03,4.526339209757611771e-04,-2.812459026665811387e-04,6.556417221057295880e-04,-2.600142876323852624e-03,-4.194001070884950839e-03,-3.786957728446186267e-03,5.246344879604816509e-04,3.478984356675888980e-03,-1.261378492291776636e-03,1.377070097325476820e-04,3.255410280199471946e-03,-1.386200366334717799e-04,1.325267687439889500e-03,-3.693288445322013994e-05,1.324196327278274500e-03,-2.354601655830999753e-03,-2.922423115029292029e-03,-1.384076432215685260e-03,-1.230317983430111737e-03,-5.115548498174616964e-05,-1.788308425736790178e-03,2.521848532345451720e-03,4.338391374318960846e-03,4.443479891234205538e-03,1.914426710019574056e-03,1.446446335406087989e-03,-8.713339717021483920e-04,-1.272704286950224802e-03
-7.301080312247480849e-05,-1.079135033555560702e-04,3.739368979123625244e-04,1.242498028134682644e-02,1.079264319406082057e-01,-1.026348058284299730e-01,8.254031831985855425e-03,-5.001988564071378762e-03,-3.594138138961176093e-03,-1.157666533029457281e-02,-2.664641632262643167e-01,-1.876599531397941112e-01,1.768353781057748972e-02,-1.066660182952121165e-02,-2.552841698939262507e-03,1.578489473658360731e-02,-2.920733649363291273e-02,8.936002947411736397e-02,6.712196910512546744e-02,2.865088280345561445e-03,1.274045607330529656e-02,-3.416563740081784289e-02,-4.680604899986032241e-02,-2.424676683187721588e-02,-1.348348353606621253e-01,-9.949444866749586271e-05,5.844089078422307071e-02,2.637016491319466374e-02,-5.401471731213595973e-02,6.466766647851869554e-02,-3.421035146202212052e-01,-4.540824925548934132e-01,-6.070205128933287009e-01,-1.821119462576964998e-01,-6.564278214467525463e-02,-1.680656801251864327e-02,2.754323693686598108e-03,-1.852164234539734056e-01,-2.194123593029898055e-04,8.139333144783347795e-02,-3.143139136013857167e-04,1.608288751574488973e-01,-8.738678835653793109e-02,4.386816473200699090e-03,1.307446509079576756e-03,1.796170506834838740e-02,2.312476106877227669e-02,-2.509448585759784314e-02,2.291125715359558154e-02,3.181301813191421413e-02,-1.375429134615280442e-02,-8.747072581248883927e-02,-9.058182549400008166e-02,4.347722043484433113e-03,-2.092884020872500927e-03,2.544497756900845550e-02,3.722185902602947061e-03
-6.669589907781248194e-05,-1.263748606925956517e-04,3.598120670360127442e-04,1.136941548357754510e-02,8.897241291377437633e-02,-8.832679172840467163e-02,7.270538887285654672e-03,-3.696018025448177119e-03,-1.910558150737381305e-02,-1.341746591357625105e-02,-2.622906661502885095e-01,-1.749768033973977677e-01,5.788759990275377937e-02,3.048996723083542346e-02,-4.489712003757482910e-03,-1.797624096622535972e-01,1.370469470662542544e-01,7.587471951911305135e-02,-2.376494608105457207e-01,2.320686300726217954e-01,-4.493226629798600935e-02,4.874575480087145474e-02,6.200896493869003864e-03,6.445248996135653774e-02,2.911014784967874691e-01,3.186352949550334823e-02,-2.702833403620917910e-02,-2.746135824669781664e-02,-6.597636802864889627e-02,2.947365875476318578e-02,1.393194410851245069e-01,1.402213263444309077e-01,2.303153093001363699e-02,-5.291285077935674597e-01,4.762082723050984900e-01,-1.545951604968796682e-02,-9.057465948456062954e-02,1.048073209240494297e-01,1.376185716529148987e-03,1.065133016538977531e-02,-5.515190550758610703e-04,8.095124777607694277e-02,2.918414799424303915e-02,1.179645004919452622e-01,-6.369995826465988352e-03,-3.765961965206741924e-02,2.620798831648861460e-02,-2.561026098840642369e-03,1.420647266232600847e-01,-2.828725663352860478e-02,2.015138963815322343e-03,3.255314546608266174e-04,1.886790475879467424e-02,-9.152065300008074833e-03,8.002150518185452421e-03,1.216401131860010178e-02,-2.416052390796163268e-02
-5.749572401940338835e-05,-9.899565408318356755e-05,3.366907465422622030e-04,1.267550716136285963e-02,1.004908903869812242e-01,-1.058328800881908477e-01,8.968682776477021959e-03,-1.178299515157342145e-02,-1.070717108970855799e-02,-1.400892929282338342e-02,-2.141681667985743109e-01,-1.570638213998692412e-01,1.437554208569802490e-02,-1.526131694045785095e-02,5.894348363579494411e-03,-1.186569746313140359e-03,-2.251517991323608373e-02,1.057244744686655080e-01,7.368897503657101389e-02,-4.799060051425620144e-02,3.490980531582182217e-02,-4.245842924301770210e-03,-2.003809881418587568e-02,2.711045224746660987e-03,4.495681502981289240e-02,1.392739930011982312e-02,1.302261039672810393e-02,2.219936680498350162e-02,1.221744835846036090e-02,-8.540073015738927978e-03,4.310638890898259995e-02,-5.764039072741298370e-02,-8.844740657403428463e-02,1.561550866665381565e-01,-1.023963093553446752e-01,-7.592901021328320177e-02,4.296579912938599394e-02,2.256776375116102684e-01,1.914065808905124691e-03,-1.485249626916714527e-01,-6.821340040077134709e-03,-6.258479903688780599e-01,1.574928894141275071e-01,5.435063105567136121e-01,-1.417735814064204763e-02,-4.458161552125075588e-02,-3.021712811723663294e-02,-5.956801861384428826e-02,7.169551551344689744e-02,7.883682712341537335e-02,-1.399815325983197190e-01,1.477703904086903608e-02,4.226438427122423958e-02,4.744471914287613779e-02,1.375492575184931879e-03,1.357591562901449590e-02,1.946325893180286468e-02
-4.136467529794534911e-05,-6.902023204550359367e-05,2.463954464243663881e-04,1.153088375163243903e-02,8.297734312860886863e-02,-9.169098713763931818e-02,8.314030871872915909e-03,-1.293121623330438681e-02,-1.486631683120412731e-02,-1.779852995710029875e-02,-2.127943064553147190e-01,-1.512512500104561119e-01,3.006424985847311326e-02,-1.210405134307441545e-02,2.662187186438194630e-02,-4.928346885656176117e-03,-1.171395912954024867e-03,1.277926166895598514e-01,2.964300357975236180e-02,-4.773834998691636744e-02,2.736669391252977840e-02,5.925477958673703097e-03,9.414803911665335645e-02,-4.565173611952234173e-02,2.211401936692797277e-01,6.248546673891323261e-02,3.959101904284245688e-02,-1.342744898804178015e-02,2.774122164079308693e-03,8.744399772615117639e-03,4.679912814656909947e-02,5.583143393216589284e-02,1.985590626302514150e-01,3.378342802932066680e-01,-2.190202064361003453e-01,2.939107208494011816e-02,8.804719056895770127e-03,-4.931932082626049041e-02,1.709667589851770727e-03,3.656137571333555047e-02,-3.188319598854266745e-03,6.360381287727285837e-01,-6.516712104320745991e-02,4.334398482425540489e-01,-5.309164766052521661e-03,-2.228316169759916518e-02,3.043797130574459053e-02,-7.887521723644225213e-02,8.865040285151064292e-02,3.011207192219064396e-02,-1.710980784944456448e-02,2.587090044556645749e-02,3.364320987385630707e-02,6.084907270252296746e-03,2.853455448169679720e-02,8.245480347611106042e-03,-1.806278433695149982e-02
-3.399063381768055502e-05,-5.776380928479637209e-05,1.976070532176949879e-04,1.283139185794180022e-02,7.257790964043997484e-02,-9.022383950930591701e-02,8.551147122015089266e-03,-1.816073683882355946e-02,-1.561536386871482940e-02,-1.808780895994351393e-02,-1.891287621526767937e-01,-1.448767093850187038e-01,2.432320275363331757e-02,-1.451565749533194859e-02,2.469487856026344672e-02,-1.779557020722659366e-02,4.370572975004584533e-03,9.608126694549688762e-02,2.915008614415046453e-02,-2.048093491417556783e-02,2.039372938257021789e-02,1.129443227856050114e-02,4.493490823439832971e-02,2.835747228678047599e-02,1.592477975590781414e-01,1.086316133622313232e-02,3.167434491610992414e-02,-9.798666847068721736e-03,6.355981464853125741e-03,3.788179194001629890e-03,3.106753916998360870e-02,5.072124231531195682e-02,5.910643976158699159e-02,8.784885391813852806e-02,-6.646098760402364969e-02,1.589386369796938134e-02,1.426252455060434028e-02,-3.229303150770218133e-03,-7.176476943634431116e-01,1.874461845222121295e-02,1.144639834185952549e-03,-9.306276659086520908e-02,4.325332957337215886e-03,-2.627255574189338305e-01,7.937489102505414229e-02,4.737888513180609218e-01,8.673206317116850805e-02,1.811108554523273642e-02,-7.647212487139624926e-02,-1.520377705656065365e-02,-1.146209571764814604e-02,2.372443664436845248e-02,-6.433501820103237900e-02,1.062486758119582514e-01,-6.160849160646490047e-02,-5.133616560576730568e-03,9.534127133447846403e-02
1.829769195434819787e-05,-2.550376054202719168e-04,4.700808068998140539e-04,-1.020171683419845076e-03,1.948301203500733478e-02,2.395252423208047918e-02,-5.235371674485893301e-03,2.038103324741284694e-02,3.169051227935442555e-02,2.608637517569169575e-02,1.893593662636980715e-02,-2.239341070568143070e-03,4.682121195796556078e-03,5.186387126250088797e-02,2.996592073871091541e-02,8.437293852426744345e-02,1.551626398014968600e-02,1.686336877924008229e-02,-1.761245339460828507e-01,6.744207646774252884e-02,9.016126288107824127e-01,2.655288037426178915e-01,-2.268433590024667157e-01,2.201791127731729178e-02,-4.489269127702585210e-03,4.766381688819480711e-02,-3.700470803397025443e-02,-2.065652717911345762e-02,5.647541109373249713e-02,-5.400848838451904887e-03,-6.224097680586534315e-02,1.138334226091220966e-02,1.851528216199605989e-02,-3.011539917359516184e-03,-7.019003164643471820e-03,7.009535388985892873e-03,3.083471962940754346e-02,-4.028144331824580829e-03,2.307786448126740182e-04,1.486828183338407758e-02,1.649191774223229085e-03,9.309138482071616788e-03,5.379227128370415306e-03,-7.649835495779741708e-04,3.255330084036331395e-02,-6.507227325338616267e-03,8.104970575976020103e-04,1.855086454326584965e-03,-8.100738387661281237e-03,-3.697350985150222105e-03,7.169197807816691560e-03,-2.507103426511368000e-03,1.565554313864559160e-03,4.430950637215397107e-03,-5.505971817012018064e-03,-3.317413560686998091e-03,-2.151061222620497242e-03
-3.321021500369241005e-05,-5.596343206688269163e-05,1.880665849911307029e-04,1.280708041075855758e-02,7.256870132217503599e-02,-9.008821608595234121e-02,8.508974295856222211e-03,-1.790233224069102264e-02,-1.555892024116999756e-02,-1.793083499255252594e-02,-1.891616461746924993e-01,-1.451816490559604822e-01,2.519326992663725381e-02,-1.592696823792385044e-02,2.473004618131082258e-02,-1.710220095746365146e-02,4.868076126510256958e-03,9.623427670782999654e-02,2.921065070152518289e-02,-2.004006911455773546e-02,2.035618780462813276e-02,1.029637220934695278e-02,4.544056600868776746e-02,2.883637619253201501e-02,1.595903745978576593e-01,1.084855889028610125e-02,3.235348280614498001e-02,-1.016229937978107602e-02,6.077022189355503999e-03,3.477817728255871640e-03,3.133206850421470235e-02,5.073480466907180630e-02,5.963298923973859439e-02,8.896884223973952621e-02,-6.652682427010993271e-02,1.527945357951451810e-02,1.418185336126325143e-02,-2.539620164706867314e-03,6.962883134558496279e-01,2.257872695591362985e-02,1.415099129953252760e-03,-9.440722589686420529e-02,3.275549530222193837e-03,-2.660629224300689044e-01,8.369641213252225487e-02,4.988029462695972027e-01,9.101927679168375640e-02,2.011410292207958111e-02,-7.749646471567035733e-02,-1.484382906955427836e-02,-1.082387675979115324e-02,1.814872617590579384e-02,-6.268516788713421328e-02,1.092887693638561336e-01,-6.635363267986284230e-02,-7.283220511058128080e-03,9.831665535112246723e-02
-4.882418598350370901e-05,-1.181653019381278115e-04,3.153488176336620191e-04,1.235138055449728871e-02,1.028806286271337495e-01,-1.039941530335855013e-01,9.638898486188140005e-03,-8.890798876924432478e-03,-3.943171566298750604e-03,-1.415636562770576819e-02,-2.912784385320894009e-01,-2.056649592759165202e-01,2.141569210949870877e-02,-2.031098481221762717e-02,3.613246218571786184e-02,8.910201411991910611e-03,5.373702458970251727e-03,1.801800390986075528e-01,6.575237249792695304e-02,-4.918662931876265770e-02,3.461705916562731779e-03,-5.714557262037914254e-02,-1.080165488440771315e-01,-4.974219256996124938e-02,-7.797330224514207320e-01,-1.339238303855511125e-01,-1.289990759954412758e-01,3.011055197661709898e-02,1.107398856683472210e-01,-5.989451956312501213e-02,1.439896396921447608e-01,2.252395435221521691e-01,2.071260841060441338e-01,-5.527119851286913660e-02,8.768134869419524913e-02,7.747628495793299104e-03,-3.546091621332052995e-03,-4.444988579892190234e-02,3.794392534104990976e-04,1.757518201960733481e-02,3.145907125971515641e-03,6.030467886230755914e-02,-2.619936536151085561e-03,-2.711722612407154939e-02,-2.972768270745506942e-03,-1.117231980723884521e-02,1.888044768950642273e-03,-1.852014767507264474e-03,6.315097865260716793e-03,-1.538029885591761514e-02,8.954897095753561187e-03,1.072852864801592150e-02,1.010169436316034862e-02,2.110079292507881579e-03,6.447687889998164265e-03,-5.187339188025723909e-04,-8.534894955422832330e-03
-4.047836706527827287e-05,-1.284636775931831615e-04,2.915978826447505759e-04,1.071868053350952601e-02,8.848174328804017663e-02,-8.739640698578117484e-02,7.354897200867194403e-03,-9.375383951732686738e-03,-1.170900335703956192e-02,-1.160239927288619043e-02,-2.008463258228981307e-01,-1.373830235761844543e-01,3.604922131861107437e-02,-4.255034491382651135e-03,1.966884234316577332e-03,-1.295670479689819835e-03,-1.585229573159283381e-02,1.148585549276640028e-01,4.428304007279232346e-02,-3.623816588899450575e-02,1.948353413623415964e-02,1.269820329374740002e-03,2.516592944796714262e-02,1.421099868225087805e-02,1.604887582330464246e-01,2.870273665221467763e-02,4.553754308849430887e-02,4.509958640060261065e-02,2.926140435673832071e-02,7.737780874406240648e-03,-1.071814399940646846e-02,-2.571813032552348541e-02,4.988342175491110309e-02,1.056319822461323499e-01,-7.030225125718086998e-02,3.880231754944651196e-02,7.676259910945458335e-03,-4.442818320000806176e-02,4.793598552839247948e-03,-1.570958094288817108e-02,1.270390029516931798e-03,-1.398109830746234461e-01,-1.706544951831211882e-02,-2.546010722828675465e-01,-5.828836753887595146e-02,-1.662386533359791196e-01,-8.532086278226184983e-02,8.853314354712465972e-02,-9.215180103463582739e-02,-5.990395099455139705e-02,2.451038397317602258e-01,9.251987232877184608e-02,2.040645097191216006e-01,-5.627404851427337817e-01,6.015616307243026178e-02,-4.721754951762856950e-02,-5.244612459468518395e-01
-4.840153566809037761e-06,-1.706062404964773464e-04,5.103665526898142155e-04,-2.373832949461385147e-03,4.238942582404298109e-02,3.629862392628718548e-05,-6.790337445244383052e-04,5.367380540959198164e-03,2.274283882335514234e-02,2.677664960202758709e-02,3.506312728781282861e-02,-1.245270929300814657e-02,-5.815577014626849978e-02,-5.635466339338596718e-03,-5.660654888355347303e-02,1.081576432204218313e-02,-4.557553735271941547e-02,-1.188574057793174571e-01,-1.058226822611963575e-02,5.036305426650328904e-02,4.408572313802575776e-02,7.798912455853812022e-03,2.393363735417560964e-03,4.397295078207074347e-03,3.465393763903582003e-02,1.428447884373411315e-03,1.558803057643848022e-01,5.144558301342179174e-01,1.784788581934637353e-01,5.896608935483296093e-02,5.859095365047818360e-01,2.044057955005791349e-01,-3.959587784471224614e-01,1.747546785115700052e-02,-1.043635643282336545e-01,-3.059594298838590187e-02,-1.468188721198337814e-02,-1.988491111763769081e-01,-2.896101024633713789e-04,9.284489404479831509e-02,-8.082779034928053510e-03,9.332974037887136528e-04,-1.226084183975394669e-02,3.831000428805627495e-02,1.498939753766869148e-03,1.279984827807285376e-02,8.843659696080134747e-03,3.641031758258660850e-02,2.022192679811522092e-02,4.897622338156164441e-03,1.568386194530781430e-01,-4.259387862440537631e-02,-2.466331164340145043e-02,-2.563808928630860462e-03,7.697900676475236126e-02,5.428635879886141609e-03,5.830103060222236594e-02
-5.648351918168815639e-06,-1.890731274660246370e-05,2.577368246143737059e-05,-5.524749908050820323e-04,1.455227431207132193e-03,6.134352164922371800e-03,-7.972679475965998696e-04,4.088950455282517465e-03,9.542878529538934484e-04,2.346333682200003445e-03,-1.909087795856489285e-03,3.723730619652742060e-03,1.374288229895138068e-02,6.853831317284115113e-03,2.000772650921778251e-02,-7.011223947082073638e-02,3.116472215878438728e-02,-2.597190499545843148e-02,-1.389401600534577973e-02,1.048927863052514023e-02,3.665956876641231557e-03,-1.082866657126198219e-04,-2.096166130672669214e-02,-8.548243839600825136e-03,-2.400483080990525181e-02,-5.932760012082470905e-03,8.078600027839570943e-03,3.858122858946701379e-03,-1.817089390004220442e-02,1.997620699120429902e-02,-2.276348953416568524e-02,-2.232132648447433809e-02,2.726510815888298785e-04,1.359946344750092573e-01,-8.778708638744182891e-02,4.707052498356342068e-02,2.791346958684534987e-02,-1.432227424053580554e-03,2.271771385427540210e-04,2.228880655923420537e-03,3.603663781172830745e-04,-6.555388926040545128e-02,-2.411318801778921522e-02,-1.929382807458750182e-01,-4.032901630820390042e-03,-1.931679402470125317e-03,-5.676402115906904397e-03,5.621247818405173541e-02,9.088168081555401123e-01,-2.918612663675108077e-01,-3.911317501975816735e-02,2.021812275928390598e-04,2.136476664395889000e-02,8.123385062461576170e-03,2.777868366569694741e-02,3.063721427065342617e-02,6.481255369109577107e-03
-3.971110678319659691e-05,-8.983507021481319441e-05,1.727841964999377044e-04,-8.292111767507625176e-04,1.547265906733509555e-02,-7.082088348026874952e-03,-1.597682488740935318e-03,7.657160436123460791e-03,2.926643313087419485e-02,1.763631457346045636e-02,3.473240625443056728e-02,-6.075972355360275551e-02,1.120326947417490775e-02,4.787686001165970817e-02,-3.048098290425382134e-02,-3.730372625035136523e-03,-4.375508378755165600e-02,-2.007185572260454173e-02,-8.986933931653319496e-03,1.379602669652147014e-02,-2.736270851183466787e-02,-2.339289093350394727e-02,2.612109017370302030e-02,-2.898440057367005981e-02,2.009343111166832577e-02,2.775591047858036106e-02,2.821219818711971361e-01,6.358026845969496632e-01,3.079708021348888658e-01,-9.102951355200786243e-02,-5.030064246806863482e-01,-5.786129943493460541e-03,3.244933600573062793e-01,-1.116634391276634386e-01,7.296818924536993545e-02,1.407783451145418543e-02,7.576376663651114216e-03,3.587727082481481644e-02,-2.931772156825653290e-04,-4.360564597923770325e-02,3.143006385267705597e-03,-2.028872251889036679e-02,2.887643968308183443e-02,5.228671917248523676e-02,4.360115033780464881e-03,2.126166602510370929e-02,1.394490465289744546e-02,-1.072670103440050149e-02,2.524164547195325084e-02,-9.146646560705636031e-03,4.257011516748042401e-02,-6.214069683447558806e-02,-5.722645279800128021e-02,1.402351769656177971e-02,5.214405259814258731e-03,1.631241795225443075e-02,4.647075371891206536e-02
-2.438998514992058385e-05,6.082927035187794563e-06,1.875531313460493846e-05,1.167321293823015381e-02,7.118778586250622264e-02,-8.823642618723030739e-02,7.541080507711665597e-03,-1.431103527013739482e-02,-2.181148506819988869e-02,-1.664801452443319396e-02,-1.951783042083920505e-01,-1.432632868911267177e-01,2.694904900463225908e-02,-1.543426910953774565e-02,2.420326897902482302e-02,-1.228952231368639694e-02,2.541061165836151943e-03,1.109513950357456508e-01,3.767421535669865373e-02,-2.454988379661249970e-02,1.345292454663206579e-02,2.246593015997030637e-02,4.208344991382552414e-02,2.964776905246719468e-02,1.846132677836344882e-01,2.316260544682879896e-02,5.416296435656673194e-03,-1.289474654350462532e-02,6.155097722697872899e-03,-1.427987580779850607e-02,3.575877637583007446e-02,5.797417565668052525e-02,7.975112351088187168e-02,1.159812858876050762e-01,-8.033175983311266477e-02,1.807972163807212290e-02,1.895071514388541045e-02,-1.321345224293159551e-02,8.426588229028654162e-03,-1.617202588019809456e-02,1.755147780387347929e-03,-7.122419257634401979e-02,-2.148376535433249579e-02,-3.564765154576056694e-01,-6.679379209244536153e-02,-6.182025587909536490e-01,-1.257548335419656216e-01,5.722281278280472866e-02,-1.014195275130524293e-01,5.009455320003992386e-03,-4.440559519768821906e-02,-2.800525488714554756e-01,-2.608739745057245263e-01,2.236877778431987374e-01,1.310436284550324168e-02,2.183323962194708145e-02,3.050532691503922145e-01
-1.373434336680003440e-05,-7.478446153926650265e-05,2.073638706957169281e-04,-4.741032535790391930e-04,7.500128330872461377e-03,4.726692422062541386e-03,-1.624812877125424377e-03,9.022840789707265580e-03,2.295988045634722932e-02,1.302024936746849597e-02,-4.316423097647720426e-03,-2.626311231650228090e-02,-9.965088735830458788e-02,-4.595305565180139717e-02,-3.847338093239863199e-02,-2.478896959745276532e-02,-1.878374801774383707e-02,-8.814167392039157570e-03,5.764986419691221602e-03,-9.864335556592900359e-03,9.242378532180729050e-03,2.860649971183141225e-04,-1.411437847020351188e-02,-2.746452343256106186e-03,-6.787367916417114122e-02,-2.369996021539688691e-02,1.113592389088496372e-02,7.710112838039993866e-02,4.653894906559273570e-02,1.036629398625334847e-02,4.279308128117018106e-02,-4.726899792071398605e-03,-2.003118197837326642e-01,3.303188038566816278e-03,-8.733887490281193322e-02,-1.942051166318083943e-01,1.653083373361240727e-01,8.381707323079706784e-01,-2.047251312612885163e-04,-1.983697901019241261e-01,-9.736976514509327338e-04,2.624988206550219472e-01,1.570284476014327524e-02,-1.642713810458650558e-01,1.173819406055172723e-02,8.588434403864626462e-03,5.009490705536970116e-03,-2.600682754153352174e-03,-2.614277259728181591e-02,-4.500260254161819740e-02,9.606503007762819124e-02,-1.290151883864481576e-02,-3.803882664707889175e-03,-6.142029653264621109e-02,-5.890887558968264937e-03,-1.937516387188917624e-02,2.661963053526901837e-02
-6.972355605347334989e-05,-1.389430890001987727e-04,2.515866779018730232e-04,-5.134122880712792270e-03,2.958999686305529772e-02,2.915293348141892796e-02,-5.923161903176921844e-03,3.276666400724306816e-02,2.023365536598837125e-02,2.547638373376675050e-02,-7.568108946674338700e-02,-1.179739796690553767e-02,8.703339377828998857e-02,1.114122303084024573e-01,-4.263684619110809371e-02,-4.164163819860083326e-01,3.276195783727777755e-01,-1.883062679553130780e-01,-4.953448221464974432e-01,4.036685355676530862e-01,-1.504888382217934584e-01,5.793649311431035842e-02,-9.662208595901125574e-02,-8.270372321880357924e-02,-1.390546901117804268e-01,3.039468091981226139e-02,-1.049147585877051453e-01,4.737485114361712074e-02,1.574306986251899215e-02,-5.117115363791330251e-02,-6.789474638937151307e-02,-7.870421892517615037e-02,-8.962257570352832187e-03,2.499496945741747911e-01,-2.549896781070311036e-01,1.014006894368421445e-02,5.371317449494599633e-02,-3.199894389244049148e-02,-8.024432606926934942e-05,-2.332119513242950429e-02,-1.222272226994227176e-03,-5.178747787140412090e-02,-2.320414483810232312e-02,-1.981035081191901900e-02,-3.118728730847769321e-03,1.020665941907090545e-03,5.566147590220507473e-03,-1.590988797247210387e-02,-1.318149224660320751e-01,2.891256987913609980e-02,8.461439665751316341e-03,1.118850582024167803e-02,1.252986347705149382e-03,-1.307427436979102537e-03,-6.911962502884341601e-03,-6.083175722658634016e-03,-7.206234616712885351e-04
-1.613793021633731946e-05,-5.035170512394698990e-06,-1.223849471297285810e-04,1.034506219652118033e-03,1.323711170041909184e-02,-7.542425460293188284e-03,-7.754718652639017770e-04,-5.673516098468737480e-03,7.954868652600477485e-03,6.530396992948618237e-03,7.978827871606163080e-03,-2.140002257889600523e-02,-6.229352024659109456e-03,1.606654257635114699e-02,-1.303597568020813981e-02,6.371330863400331834e-03,-1.358050226228373590e-02,-3.359283696845559442e-02,3.175544231119255441e-03,2.410650347656852904e-02,7.200251580869117957e-03,-4.614128055542827608e-03,6.410125499196538297e-03,6.228002715121524558e-04,1.551583847960037559e-02,4.960520708236661538e-03,5.801556574790860815e-02,1.429947747305498340e-01,5.492878328549091055e-02,2.412924944249067796e-02,7.172907498056471653e-02,6.526536610634202373e-02,-6.051743251221518988e-02,-3.445252782542215699e-03,-8.983724830520123383e-03,-4.868021080957709440e-02,3.104446447593875794e-02,-8.611786778618724797e-03,1.120640685452737326e-03,2.672383532426276381e-02,2.196492519469600210e-02,7.707511991063453749e-02,2.608626869049385927e-02,-1.506610840799000595e-01,5.430500378390333560e-02,-8.498110263724800717e-02,-1.843769269047846465e-02,-1.335379498399582310e-01,-2.905524443472131194e-02,6.037255294751881808e-03,-8.182475708587372276e-01,8.159410504125183539e-02,4.391074453609088157e-02,-5.291139977743688355e-02,-3.542755343109503241e-01,-1.474094163849990757e-01,-2.538470151390410656e-01
-4.141753428497756129e-05,-9.589090913721561558e-05,2.008843049565427349e-04,-3.428572799152027929e-03,1.577854508451834170e-02,1.970152050422185538e-02,-3.605170092672760080e-03,1.952747443294068283e-02,1.791733913632182970e-02,1.157331111508568509e-02,-9.553455760747821268e-03,6.816933514064941503e-03,2.691799767655068953e-02,4.443252914445173368e-02,-7.072211891716126408e-03,-2.667663923323381966e-02,4.866484020142171352e-02,-2.060164226494046527e-02,-3.934285280922716205e-02,-7.780966476354082839e-02,1.513277477101595270e-01,3.931558314616880739e-02,6.482397082711092162e-01,-6.951231781526091558e-01,-6.520026755228172655e-02,1.701316327770260317e-01,-8.378196124578142501e-02,-1.724839030435829437e-02,2.783230939412854182e-02,1.342743827619086346e-02,1.732954063852053597e-02,2.796243395320802908e-03,-3.708372752132538253e-02,-8.810690820276988189e-02,2.253042025731324255e-02,7.769118303474056852e-03,1.479864112484524999e-02,1.705372302959551681e-02,1.997762333221546533e-04,3.007687455846621508e-03,-1.724932817949399047e-05,-5.924887903184176963e-02,4.862122127077091009e-03,-2.647101357051024478e-02,-8.632430543969480535e-03,-6.054157244103353097e-03,7.515740242635911283e-03,-1.199256416808824351e-04,5.913707068109147480e-03,-9.092853353089966686e-03,3.858097650324315668e-03,5.202237246477637092e-03,2.136434802737548731e-03,6.411761859538281892e-03,-6.375443804250520083e-03,7.853147251125344253e-04,-1.467325622628254736e-03
-1.682481052262685818e-04,-2.429371689971424606e-04,3.400244391569575667e-04,-1.208193199002815035e-02,-4.414168022161164134e-02,-1.105019475339805851e-01,-1.091559653873871907e-03,-3.441713240887717129e-02,2.319169008874477911e-01,1.109065433622384717e-01,5.250595153693173867e-01,-6.928586008032605603e-01,1.599141589070263991e-01,2.618447561937743973e-01,-9.820968219280763745e-02,-1.315948768373369493e-01,-1.372276812268735935e-01,1.854695083051641907e-02,6.193690786330068032e-02,-6.384560829795294171e-03,-2.246393814686456838e-02,1.947295433619384772e-02,-4.704856876313728842e-02,-3.684108898727143921e-02,4.584201720970626504e-03,1.394367110028438056e-03,-2.596183125930184854e-02,-9.620785455993950686e-02,-1.765174399522990642e-02,-3.525721539914642572e-02,3.485363122369983246e-02,5.439870671255492675e-04,-1.583563010892602083e-02,-5.211600598095647054e-03,-1.859645239667519819e-03,6.683614455581652312e-03,1.972467229582967538e-02,-7.281587726699611032e-03,2.435051239796304700e-04,-3.524423880865427960e-03,-1.362809431055984292e-03,8.204368842592180133e-03,-4.402581106296922682e-05,1.046265911817374859e-03,-1.188626568761400526e-03,-1.845422978832764183e-03,-3.908371938964764342e-03,-8.560495081681754673e-03,-3.973525622770615671e-04,-3.286109090768002221e-03,1.809014340221585387e-02,-3.167251444890488432e-03,-2.973810086955643115e-03,-2.453307030805891749e-03,-9.179468628286022907e-04,6.202554544160721571e-03,-2.957923859758753229e-03
-7.885050733247804923e-05,-2.247382934854715909e-04,4.261426510586870109e-04,-1.056081867204920754e-02,-5.198542456061877072e-03,3.081949781076672931e-02,-9.998439499628456253e-03,4.543449267053874946e-02,1.785040181146073102e-01,8.207550919573694537e-02,-6.647073713193925662e-03,-1.674947143769925928e-01,-7.713173895526994617e-01,-4.094784740009726476e-01,-2.467172398833051006e-01,-2.704209657791011856e-01,-3.297195700042057642e-02,-4.148668432900894792e-02,2.799680709002003512e-02,-1.681404380221671740e-02,3.390739539408830355e-02,3.702079394758817088e-02,-2.048522853759659340e-02,-4.054930270399915299e-02,2.495788010761729528e-02,2.454373366766738132e-02,-3.611130683543623682e-02,-5.569642526963301810e-02,6.937914834167927328e-03,-1.539901364245347716e-02,-5.056462444246546950e-02,-1.043756075937223807e-03,6.387614748334141668e-02,-1.239983105084759875e-02,6.862455055413404711e-03,4.643043521843356197e-02,-1.528885424414887922e-02,-8.914192177168688003e-02,3.305522631702452691e-04,2.634892042795441633e-02,6.500667896465162586e-05,-2.433250784815270407e-02,8.313204178670580971e-04,1.008167603014514281e-02,-5.676669445815633180e-03,-5.684737528097960797e-03,-2.033937613474847295e-03,-1.423952068585337526e-03,1.562001550000164697e-03,5.713982125206704642e-03,-1.203180198480688877e-02,6.562083231064740063e-03,7.673049179249725668e-03,4.343314050992001449e-03,-4.744971109606022780e-03,-3.765738685112204626e-03,-1.005766322230396484e-02
-1.157725763710257151e-06,-1.195698290632167397e-05,2.246196143929150282e-05,-3.133100701375942125e-04,-2.733890033254625937e-04,-1.390341450019252131e-03,7.028281125739179545e-06,2.052114470136845697e-04,-2.512685322108280331e-03,6.828018369607671315e-06,-1.308887647122083681e-03,-7.306844723831708820e-04,-1.241874270305437554e-03,1.594821392135000425e-03,-7.867698212805097338e-04,4.266689836005185810e-03,-8.264640654586550509e-04,-4.325273662904182206e-03,-2.537613037056205955e-03,-4.307283231144495329e-03,-5.981043611265154285e-04,-2.522649367139417897e-03,-7.500151384908523497e-03,-4.383086808020721092e-03,-3.369023330733470628e-03,1.033062204333523929e-02,9.699223949949471388e-04,1.609599471372172817e-03,-1.840855524457108783e-04,2.851646319021536834e-03,-1.593801969700812211e-03,-4.001296521397605319e-03,7.064439399651690696e-03,1.749256132012623466e-04,5.627110514485086749e-03,-1.172661367532057495e-03,-4.374727587251954659e-03,-5.814328091508059413e-05,2.091482475883745093e-04,-2.546949072165736669e-03,-9.992085094104180554e-01,3.805797079115164593e-03,2.015333336589174296e-03,-9.547964650855755506e-03,1.353468227611496523e-02,-3.913353120872229383e-03,3.749103744536768333e-03,7.066151245309891873e-03,-8.413393237239073568e-04,2.098167986565967875e-04,-1.559016980150119101e-02,5.027543074187744258e-03,-1.144222329807387424e-02,4.445894606261502520e-03,-9.227002398574856920e-03,-7.902196242825218486e-03,-1.502155289900234877e-02
-9.026765849311317445e-06,-6.960079022445509681e-05,1.309309569704137960e-04,2.074879010457148561e-03,4.369411858149969616e-03,8.801156723309049024e-03,-5.326633232261386228e-04,6.851643608412512354e-03,7.406290608764777572e-03,5.948698988002461621e-03,-3.730348846251655207e-03,5.403648179886666805e-03,4.537992620195005836e-03,1.161853496359485476e-02,-3.587101098439568220e-03,2.028172846103938609e-02,-2.785443133032477689e-03,8.804596104298022946e-03,-1.627282290876607210e-02,-9.512790076398042541e-03,-4.990730774390677096e-03,-1.146014396207783829e-02,-5.444959074761269308e-03,6.263710015336428766e-03,-2.345528019260896546e-02,-2.501759271527579168e-02,2.836266745928747376e-02,5.429210403131702611e-02,-2.654377390894280958e-02,3.250768073297708588e-02,4.152464242935410832e-02,-3.261907099907110363e-02,-9.676835386316713639e-02,6.186042826700681452e-02,1.197368737511083914e-01,9.461526326060846204e-01,1.728707984465056302e-01,1.740756496201444070e-01,4.419765337375504248e-04,9.674525496828664806e-03,-1.546846353020680988e-03,5.070447718751393967e-03,3.014815991409557430e-02,2.068665140400045149e-02,-8.393425925054315631e-03,-5.737667856088659278e-03,1.815477793335722439e-03,-3.347788097672488306e-02,-4.283131160455359854e-02,9.756212213856897686e-03,-2.616005753615253948e-02,8.582581856437778919e-03,1.063770242066963863e-02,2.043690631261063304e-02,-9.878043686682134311e-03,-7.043478002097851992e-03,4.920380711801434874e-03
2.119319582100948147e-05,-5.570094689869919209e-05,8.476095192756979166e-05,-9.230020333798692050e-04,4.269283177770023981e-03,6.153172869227599776e-03,1.118286447017976257e-03,4.601597644950969172e-03,1.586336367292216082e-02,-7.224263155793729518e-02,9.156851174836534712e-03,-6.845049063451380783e-05,1.693002367813837747e-04,-9.226149770066126646e-03,-1.438225105599072288e-02,2.996240205628418213e-03,-1.153293767543637919e-03,-1.075723967140550588e-02,-2.489399113014147732e-03,8.523069750504765410e-03,6.528316248727853571e-03,-1.415246142093978463e-02,5.296198294095454812e-03,5.660115762535140350e-03,3.024624522377237015e-03,-6.359239783287945827e-03,1.472404191808571530e-02,2.181373220652471634e-02,1.209884097630629061e-02,-2.319269603935465382e-04,2.097022157671580428e-02,-1.082283815402198743e-03,-4.819134912612287047e-03,1.745222884120212897e-02,4.128839272818101043e-03,-1.531396359699967354e-02,7.516411027146101091e-03,4.323073025387466628e-02,1.441254145439066709e-03,-1.720899909847701040e-02,8.207903111952102870e-03,8.480124145371930114e-03,-1.008192642193196480e-02,-3.657090093168724465e-02,-9.749649428977810728e-03,2.328911349474001736e-03,-1.382676440068787704e-01,2.451024735148217039e-03,-1.539499566961723478e-02,1.613492233343578192e-02,6.847131373982803804e-02,2.346418409338208236e-02,-1.231219972443473726e-01,5.854426069100840957e-01,5.802522985774259678e-02,4.439406374173575087e-01,-6.360364672950007403e-01
-1.466620584094038856e-06,-7.852184586331454751e-05,2.418098100629429074e-05,-5.130004212456683397e-04,3.163974708422209736e-02,-1.258236177473564740e-02,-1.752471432456557347e-03,8.551977364572476911e-03,1.047758705699984322e-03,8.958397040256313795e-03,-5.381328319966167256e-02,-5.503835873795608763e-02,9.631677322137996780e-03,3.181134297841231237e-03,7.174082987570661561e-03,8.410605627213905630e-03,-9.829213400267900261e-03,2.395778074350964071e-02,2.207262414462913061e-02,7.064659271339378092e-03,4.966363722110427557e-03,-1.761581745456789524e-04,1.393643753406860301e-02,1.869439371127720739e-02,2.832782342155714186e-02,4.108906098745070991e-03,5.145954763693029455e-02,5.681097780840795725e-02,2.541815646277046162e-02,-2.930444149982385817e-03,-5.723447913301864254e-02,-4.203970683473026021e-02,-5.708913199231181040e-02,-1.141230204742626868e-02,-1.080394143634791360e-02,-1.676621079615524257e-02,-2.437032746666015562e-02,-1.838006900271455316e-02,3.815357702786776814e-03,7.203924214954412347e-03,-4.924479072080113415e-03,1.140186620862802813e-02,-2.395664211686655831e-02,-1.327204746683458836e-01,-4.109064347054303123e-02,-1.701157447605830264e-01,-5.838415437069216507e-02,1.687685772766973902e-02,-5.551713462811894845e-02,-3.212443133503847109e-02,3.029730513918273485e-02,6.471892897344272422e-01,5.719349277380048058e-01,3.349109885372232309e-01,8.569694731681669342e-02,-4.776325139137155978e-02,2.193805953567430633e-01
-5.044769287135463269e-07,-3.544379895424926868e-05,7.680000315005418863e-05,-3.749900908921919521e-04,4.369313112037712978e-03,3.513984450323581320e-03,-7.673968628870238198e-04,2.858607448081027132e-03,2.096390212686813966e-03,1.219046713856765038e-03,2.768475182825116867e-03,-2.088567931982606048e-03,-1.099083346799779697e-03,3.711775793577583044e-03,4.690136107056356099e-03,1.115475375425008589e-02,-4.863237280294309428e-04,-5.195672284295112762e-03,-5.573252302470243190e-03,8.054912116420242379e-03,3.006075870666564606e-02,7.967255325869240790e-03,-9.912165620267076108e-03,5.124432854134386428e-03,1.419831030079806572e-03,-3.250512323884923761e-03,8.255600767565934514e-03,8.038541432204148948e-03,-3.184085701286432264e-03,2.423383802982902267e-03,5.673066330761612590e-03,8.051221649542698172e-03,4.336554805080605540e-04,2.257561916835785186e-03,1.492745043954264239e-03,-1.135830883267209025e-02,-7.081160225814350263e-03,7.077775940601306603e-03,3.514347058119047683e-04,-6.980512830022638643e-03,-1.201646000442669650e-02,1.388446443093358136e-02,2.725200933010654084e-03,-2.137619950833970217e-02,-9.845913067290007481e-01,1.434690684179867337e-01,-6.886265724654117883e-03,-1.213710131351531350e-02,1.210349650020651991e-03,2.186631373711521442e-02,-5.557056337189586470e-02,1.246105874753294929e-03,-3.731642453678535309e-02,8.546740226316079311e-03,-3.808481901406249315e-02,-1.930377713079068497e-02,1.280461737289688082e-02
6.708612856855024353e-05,7.335697122538951823e-04,-6.163544507095061221e-04,-2.024198083233855194e-02,-7.352098855021053925e-02,-4.006682085938819554e-02,-6.396062797923895461e-03,-7.661400253930856878e-03,7.685202046955859692e-03,6.980672694976099504e-03,1.168956418074610093e-01,-1.192519305966406873e-01,4.801937845396009319e-01,-7.925866660552151055e-01,-2.321410473397389207e-01,8.875147935736991955e-02,1.803996553301630279e-01,-5.191530898036460923e-02,-4.749498388988501740e-02,2.307652428223130880e-03,4.314581562198388509e-02,-1.472304276939660414e-02,2.066831103902289773e-02,-1.487910899366146717e-03,-1.323443745122764546e-02,-2.233375867832634171e-02,1.787536574244108500e-02,2.756797945335352773e-02,-1.295457608346131835e-02,2.094399358787760873e-02,-9.540022204321712759e-03,-2.079760961775212798e-03,3.327582184366723646e-03,-4.708281375874575313e-03,-6.743972709236456878e-03,3.774148343896321315e-03,-4.291120126567656576e-04,4.015084497239379373e-03,-9.596647035515565782e-04,-4.315714563973271738e-03,-1.297653881661888853e-03,8.652852478107561076e-04,9.309710978303411058e-03,2.346410246575965104e-03,-1.373357649800037959e-03,-3.534089787639549309e-03,-3.146990348934774855e-03,-1.140381103069086418e-05,2.471283606767433073e-03,2.472388445757287695e-03,-1.417829227584606160e-02,1.728578380133195119e-02,-9.927248907417304119e-03,-1.847499406741056130e-02,9.769633107064020633e-03,7.792523317629396727e-03,1.097853885220658604e-02
9.317413495739981484e-05,1.231497496446255595e-04,-2.166421937081448108e-04,-4.147751039995051410e-03,-1.256412814361882943e-02,-4.351844585308085639e-04,6.721958283563043372e-04,-1.030193804476786179e-03,-2.307385251463941675e-02,4.065006927060768778e-03,6.414246861886289518e-04,2.094386173827003737e-03,1.950192170605632991e-02,-2.952736354928589199e-02,1.848964641045949646e-03,8.546909355099900976e-03,4.439691788563104521e-03,4.731952787560803238e-03,2.787562505621334411e-02,1.851480795250269595e-02,-1.802399547167726421e-02,-7.053495055435595254e-03,-1.511900475161611496e-02,-7.135895292141015978e-03,2.346232822304657531e-02,1.850194517012923937e-02,-4.209567288862471612e-02,-3.337943497619937083e-02,2.769474813767786731e-02,-7.057095232150389919e-02,-6.970760308911261305e-02,1.286609516479059467e-01,-6.217675872231915452e-02,-2.712774616258579324e-02,-4.086918339929644650e-02,-3.182502999347170368e-03,1.193243979806763860e-01,-4.782376121435238936e-02,-5.064228804206651405e-03,-2.894578152591273726e-02,-6.430403362900832982e-03,5.664522247201996680e-03,3.291039918499134853e-02,7.121521257407649897e-04,-1.511629720331546592e-02,1.402294496172027706e-02,1.000228957142959008e-01,1.240145776696088137e-02,2.770786287981341287e-02,5.178763573748954019e-02,1.566377068717059728e-01,-5.820808929585216118e-01,5.959246126941861732e-01,2.447209588399322788e-01,-2.925241200079103931e-01,-2.257598861174602844e-01,-1.068562320557589207e-01
2.945006295650276422e-05,1.074197203633690356e-05,5.004651043157630724e-05,-1.496853743569847000e-03,-2.273182934669067297e-03,2.072174433219086450e-03,1.721217466973931024e-03,2.486920381438560094e-03,5.269734083311857289e-03,-7.848656725444715099e-02,-1.690689196222063223e-04,-4.139278911416146255e-03,5.601417549048451263e-05,-9.104375230262399914e-04,3.273774086527961140e-03,-1.394973292947843981e-02,-3.258559058471518274e-03,-4.291045372606892665e-03,-1.872507745870026150e-02,8.200860160367752852e-03,-4.374283955997792942e-04,-2.370959243159950682e-03,4.943831805603772153e-03,-6.624663793586053027e-03,-1.891142730174860198e-03,1.054608326401389531e-02,-1.028941129089342398e-02,-1.193349941353142804e-03,8.514128709356893684e-03,-1.355777208979803451e-02,-6.531739875389313014e-05,-4.854037270308879728e-03,-3.686875358030309874e-03,-3.230552993388030592e-02,2.464355487589991057e-03,6.426979518291975509e-03,-4.284603783482258781e-03,-1.178699723614851091e-02,-1.272819978108987371e-03,1.009347741501371611e-02,-5.956780999115065048e-03,5.055389645182820080e-02,2.293139182280856669e-02,3.229981212317023509e-02,3.690464209716311228e-02,2.001048372643998430e-01,-9.553722973499046978e-01,-4.052928637197778655e-02,9.249837486128653294e-03,-1.656554594344039968e-02,9.584570112818783334e-04,-8.825221996886781217e-02,5.400995481691479166e-02,-3.714225873230012076e-02,-2.155264860259508905e-02,-9.563995879790292143e-02,9.580688283028071517e-02
7.863314925219185708e-03,1.713385514393344355e-01,9.851431566307068399e-01,-2.953886655142851179e-03,-5.687478465621166775e-03,-1.502048702509077138e-03,1.343280353829810585e-03,-5.102903989426773364e-04,-2.571549653371842971e-03,4.530270346696695311e-04,-7.066313400410287457e-04,4.838998483621388224e-04,3.876666015751452192e-04,1.102787554462293662e-04,-7.848620067579872850e-04,-3.547226914916727018e-04,-5.995193927549086373e-05,1.774850081869152154e-04,1.624697454033455397e-03,4.450090407702439596e-04,-4.295702575031204386e-04,2.554028237299464546e-04,-1.848103742334848351e-03,-1.636005700525845503e-03,4.561229375867220139e-04,9.463429503313822459e-04,-5.991503239772253721e-04,2.138013091543369045e-04,-7.906176846129621015e-04,-7.399714092103639926e-05,-7.893406997998525347e-04,1.612291649287410367e-03,-3.611550054487320085e-04,-1.463594568580328897e-04,-3.137045630313556864e-04,7.984313453266503856e-05,1.083526887417923874e-05,-1.874627176154489182e-04,1.492009748977148882e-05,-3.242495538780216049e-04,2.068689025183207306e-05,-6.949582642743476239e-06,1.482450075047474485e-04,-5.144994456207441572e-04,1.652790246154011152e-05,8.508135030016452055e-06,2.796579949963968009e-06,-1.689752577240146618e-03,-4.457302511675173838e-05,2.467746526692053623e-04,-4.901921755471012410e-04,-6.459882909894849314e-05,3.406974030032613988e-04,-2.341830870713089885e-04,1.080018798112020130e-03,7.683558881648216076e-04,1.711389281597427623e-04
1.134846045571798467e-01,9.786883720861371261e-01,-1.710855586496524694e-01,1.715288187454086250e-03,2.505833712901159391e-03,6.128677688054955321e-06,-6.020510557921050256e-04,4.227439172007381582e-04,2.163934771505488571e-03,-8.277179564641659552e-07,1.936748839072980927e-04,-7.606251461229204748e-05,-5.631855277964399175e-04,5.851429436107227376e-04,3.758247682545897447e-04,3.087949359838575701e-04,2.023131603451722789e-04,-8.204136517354974727e-05,-1.073807624725130107e-03,-5.060285530741114122e-04,2.757701463420120193e-04,-2.420626586499854374e-04,7.778874724414738557e-04,6.411270285979189711e-04,-1.377783392880344026e-04,-7.231128948897095742e-04,1.612817791606468802e-04,8.147414927713351410e-05,6.817028825234016200e-05,1.410066667754819396e-04,2.045473303303790900e-04,-4.925781514267539747e-04,6.485230397698276740e-05,1.490877396084389777e-04,2.080168391371691155e-04,-6.236017805314700724e-05,9.553234055298215571e-05,2.334857608281160898e-05,-4.358041106285396172e-06,7.310852017162364853e-05,-1.692905203675272124e-05,2.930691119600195929e-06,-3.493471484953341672e-05,2.277058428510057343e-04,-2.551897887827415893e-05,-1.525561459805526626e-05,-8.933381084706922985e-06,7.735432116030761156e-04,-4.864141860237956329e-05,-3.141451880107374531e-04,1.855475799977152919e-04,9.601560192103879060e-05,-9.994265267254082261e-05,1.027026119079598831e-04,-4.341043667705039313e-04,-2.578914077016488098e-04,-9.566731917855689324e-05
9.935083169257613589e-01,-1.131494362475510135e-01,1.174916579799906678e-02,4.057546245727296132e-04,-1.041830420475613845e-04,-2.052783423350229683e-04,-1.557560401807192026e-05,-1.150324116019882300e-04,-5.773597366858297019e-05,2.789386909758550972e-04,-1.410311270061562654e-05,-1.279978613673183750e-04,3.553234441845625202e-06,5.053185475051343005e-06,-2.154525537049906746e-05,-1.053066364769847618e-04,6.621839947001078301e-06,-3.654280844327707507e-05,-1.150943419503803171e-05,-3.371612406528951602e-05,-2.661649474459879515e-05,-1.524309903745466570e-05,2.194844919539358958e-05,-1.460616560138760912e-05,-2.411983879832720396e-05,5.089783136623527826e-05,3.178310606831878533e-06,3.333140369330941569e-05,-5.585265050856573520e-05,1.781468002284357667e-05,9.172036183446649881e-06,-6.674417786491396946e-05,4.118869690006012686e-05,-4.448617707709553429e-05,-4.017167348752050549e-05,1.780413887876966086e-05,-5.459533877403535598e-05,2.334846178239124347e-05,-5.854624461775165544e-08,-2.835459722071702275e-05,2.287114003867704957e-06,-1.558354342717250000e-05,-1.025664684190673488e-04,1.956751673954083658e-05,1.901323673613543356e-06,5.075548894201998361e-06,3.436905549916037105e-06,1.415088915966594119e-05,-1.587481882997927220e-05,-2.869581905350062289e-05,-5.741891616966940398e-05,7.019807012533527132e-06,-2.741608780289536251e-05,-1.962928158424295737e-05,4.746204259873019441e-05,1.605888316079308754e-05,2.928542446996249682e-06
