-1.141127182352486003e-03,1.394337076667527629e-03,-9.294827539137902328e-02,2.410418814888489469e-01,-2.065159241407193702e-01,1.986761986146614589e-01,-1.979881214319396399e-01,1.309405283449178448e-01,-8.754462908637658525e-02,4.036946160843729592e-02,1.794686996050195715e-01,1.666130187312099831e-01,-1.725935241439936207e-01,-1.359019619383621258e-01,-5.292834536990519839e-02,1.102022561442446841e-01,1.081163363204877825e-01,-1.554147531086585154e-01,2.836150171605135717e-01,-2.763836760915192384e-02,8.101776229215187919e-02,-4.180570397836855800e-01,-2.471760851287510899e-02,-6.081543212645506430e-02,-1.680391080040379015e-01,-1.112304695611887051e-01,-3.847632238358810602e-02,1.704494394480878527e-01,1.442301090329297930e-01,1.037715081531181416e-01,-1.294082067928258861e-01,-8.646383036771483621e-02,-9.345027204559837319e-02,5.874127187703809955e-02,-1.353945526819244904e-01,1.273996451868532331e-01,3.891567630538427247e-01,1.174652248273831273e-01,-1.427368699234000116e-01,-1.837892847700341517e-02
5.248102803067292155e-02,7.141477175413268874e-02,6.213184110514772401e-02,-2.661673725423970849e-01,-4.308498155245366057e-02,-2.872287245829893698e-01,-3.118084653583452770e-01,2.251203655989717500e-01,-2.516550927930818471e-01,-1.607866437571002505e-01,-1.382585935720036519e-01,3.393810978827711822e-02,-5.931539909999727217e-02,-3.433886999056894040e-02,5.526048743576019578e-02,6.479934638765276478e-02,-1.622833694864103671e-01,5.900501530834523223e-02,7.324839547892766922e-02,-1.762201859648600266e-01,2.948208178009327496e-02,2.010520334011515475e-01,-2.293942803263894215e-01,-2.446974650399914852e-01,9.827009640994488482e-02,-1.748448568809195247e-01,2.213669367147520772e-02,1.839667001397007340e-01,2.981515667187299434e-01,4.786909273494654310e-02,-4.440611851042727126e-02,-5.291666795168935289e-02,-1.721521970699205206e-02,-2.832149860878001024e-01,-1.155216479943923930e-01,-2.022391235810786381e-03,-1.279803507203675361e-01,1.714279810755529321e-01,-5.532258772511036010e-02,-1.747880374323001473e-01
1.176234888486212965e-01,1.197682011211991249e-01,1.006945830777214584e-01,1.997535094275076084e-01,7.795180350906855127e-02,-2.681548848104158278e-01,-1.014710701674647331e-01,5.627573447842035281e-02,2.716211693790431259e-01,-3.865677264869261248e-02,-2.252310976131912876e-02,2.275886192629474336e-01,1.108556577619947831e-01,7.108658140798269909e-02,-1.555818357196719383e-02,3.182512511727146332e-01,2.469283596623621235e-01,-5.353950962467051572e-02,1.269119200388057339e-02,-7.669272262543692931e-02,-7.233217179700561494e-02,1.599152877544150197e-01,-4.755687017490094898e-02,3.034713665392306248e-01,-1.522790557040646642e-01,-7.753437668460859411e-02,3.267945922618367138e-01,-1.225496759632535987e-01,-1.117045711934145924e-01,5.183893499862482490e-02,-8.806973281981474166e-02,2.249623290388629571e-01,1.226110716010450630e-01,-2.438024145243284854e-02,-3.132337850027852033e-01,-1.515081464084075125e-01,4.766145740076845744e-02,1.271476811536506324e-01,-6.881288308745231452e-02,-6.655304142937873424e-02
1.821232125786671485e-01,1.861670243530910429e-01,2.109659319482830586e-01,2.250166368245520160e-02,7.243450396149855863e-02,-1.898004419409583254e-01,8.243179782314914716e-02,4.514220537280132055e-03,1.448630244718258353e-01,7.386822963314441937e-02,-1.088794561706591668e-01,9.348331026250279729e-02,-3.846952370434619101e-02,-3.369785600799580227e-01,-5.104412975657864754e-02,-2.757728935209440846e-01,-1.318774950498199650e-01,-3.111415264970997518e-01,2.827853745202285607e-01,-2.343902964510988784e-01,-2.750889808398144787e-01,-4.249118108342443689e-02,-1.083558199812227757e-01,-6.931495436283155454e-02,-1.760116687185381626e-02,-1.443704757128825254e-02,-1.926250249900040845e-01,-1.219335337247104828e-01,-1.810088162449120519e-01,1.792227091248584647e-01,1.186101265995677112e-01,1.172695057817232100e-01,2.044026495658290282e-02,5.513614906471987070e-02,2.958052464354167244e-01,-2.197881548379130787e-02,2.056207901545745523e-02,1.148398795337426531e-01,-6.954643638073307321e-02,-1.140435386841780717e-02
2.483738616938581389e-01,2.434773980754151579e-01,4.226281898263386377e-02,1.019981727597228660e-02,8.242499778029900581e-02,1.795308116130922005e-01,1.490245749501812322e-01,-9.998143155025003559e-02,6.831664854126724695e-02,-2.725480184266696956e-02,-1.138170091705052456e-01,6.186338917175998597e-02,8.430132295357481431e-02,-1.502037574989365798e-01,1.116427628294616170e-01,1.764621613764127683e-01,-2.714170528731355003e-01,7.184318482759902147e-02,2.715627130741222334e-02,4.621281778641156412e-02,7.170668472687913297e-02,-3.189207681686306306e-01,8.218630395889550688e-02,-1.293185098342116424e-01,1.604541534598772912e-01,7.230459548348106003e-02,3.460529248483874554e-01,-1.714586812874125954e-01,1.864360492130762437e-01,4.201439183660576893e-02,1.836820366289820816e-02,-7.675093337764886392e-02,-2.260188185808881256e-01,-6.295702863327251597e-02,-2.996399924906575658e-03,-3.185072860960814767e-01,1.464059163086989419e-02,-1.578670798176436962e-01,1.076272919587439453e-01,-2.869061774778127738e-01
3.091089073996515224e-01,1.923078058978370253e-01,-5.337757703594371572e-02,-6.741444821276673660e-02,-2.255249114167374447e-01,-1.740425270375834180e-02,1.698881832572733674e-01,6.771282977347449494e-02,-1.170207760789301332e-01,5.555347454079290204e-01,-1.448156385193708449e-03,6.350867559203331181e-02,-5.763108101580299847e-02,-3.491166596050167964e-02,3.525983262647610587e-03,-1.212383773624966660e-01,-7.951639051500504485e-02,-1.089123231796558094e-01,-1.452419227362015952e-02,5.297100726554611512e-04,5.286463244338886203e-02,2.650624342092549601e-01,1.854013889835670614e-02,1.913551819597558434e-01,7.522349683532532014e-03,1.962822567741043245e-01,6.698025191949556756e-02,1.079773672837178178e-01,1.260869669148970695e-01,-3.038182227407699165e-01,-1.090378069330307648e-02,-1.493288100326382595e-01,3.662099011103183560e-02,-8.608150092418481725e-02,-1.312076070773174619e-01,-4.153818014399359576e-02,1.032640787424134454e-01,-7.555678699574261414e-02,-2.521542111100276151e-01,9.197328691956249691e-02
3.648519593695879193e-01,1.182027586994005286e-01,5.534512716460647519e-02,2.270458999729851324e-01,-2.574660386868855497e-02,-2.493834439573072714e-02,-1.971284260975817160e-01,-1.821231631472456369e-01,-8.298890494211713653e-02,1.283840141336992369e-01,-1.712908022702373800e-02,2.356104524444889436e-02,2.079115275466940360e-01,1.226948746830713727e-01,-8.613357979818096755e-03,1.401969969659609128e-01,-3.515657962712144535e-02,1.846744910838160059e-01,-2.870992166358937170e-01,1.667518512130835850e-01,1.973580075668368225e-02,5.086998252331309534e-02,-1.324521426852741379e-01,-3.306843393175724066e-01,-1.062606349403620448e-01,6.839444556232687593e-03,-1.125571080886214603e-01,1.344142302636953945e-02,-6.310915187515814262e-02,1.977439349236538857e-01,5.976228422277827385e-02,-6.012195051742206565e-03,-2.233129144010775891e-01,2.619393758988934895e-01,7.100719538017565002e-02,4.819703611584675446e-02,-9.859802553705718231e-02,1.959118375221402808e-01,-2.251289775466158716e-01,2.275906770854211059e-01
3.081998793106142109e-01,-5.202205538406799029e-02,-2.859864221616953070e-02,-2.708108220201685401e-01,1.040651264613905586e-01,9.303867359471952592e-03,-1.764471689045570280e-01,-2.420222775146734229e-01,-5.616525534045535561e-02,1.669331126513515923e-02,1.316935378225436437e-01,7.275831356453227317e-02,1.197552474061911038e-01,-1.440772467821400116e-01,6.248314808821492372e-02,-2.292750607803216711e-01,1.564709568841088083e-01,6.994287355771716674e-02,-6.111336708235795730e-03,2.933709992586617729e-02,-2.904246878432463486e-02,-1.722945759569228796e-01,-3.444751043008382335e-02,3.075967076013469970e-01,1.556737672704552600e-01,-2.404875428963780537e-01,2.384148872951756815e-01,1.263073786232830620e-01,-7.174310085202699472e-02,-1.690846805942549519e-02,3.197130152065280062e-01,-7.126739566623666033e-02,-1.000108572699725945e-01,-2.212204771585630017e-02,-9.658283247650392700e-02,3.207091620426872902e-01,2.717391102355035028e-03,1.256099889213257714e-01,2.098852745167419653e-01,5.636337953932073208e-02
2.414160079722235119e-01,-2.532745540373395055e-01,2.141145687695590882e-01,-1.260795709270467468e-01,7.716594582730379459e-02,2.036465453303491768e-01,1.757227455435720134e-02,-2.984659333992784047e-01,-8.162383602414115605e-03,-4.236256965622986481e-02,1.087507300243291258e-01,-1.807111100708381490e-01,1.716350698003029362e-01,-5.105502551329534761e-02,-1.183376638965297906e-01,2.264539881943176403e-01,-9.908723918931564012e-02,6.527644076816912621e-04,3.332161060600240532e-01,-1.880299453306659707e-01,2.268560832780237846e-01,2.727449047343161181e-01,-1.793263678758350368e-02,-5.432475192687317468e-03,-1.172271418765720163e-01,1.704798756232250023e-01,-1.025848671430198145e-01,-1.452776546836462568e-01,3.147638420614832372e-02,2.018062712016019389e-01,-1.025671678528191355e-01,-9.141478684712349423e-02,1.612916582236172403e-01,-4.957140086380969896e-02,-1.271245451537592330e-01,2.188878529156782216e-01,8.946721133646695634e-02,-1.130690714797464025e-01,-1.079782783775092882e-02,-6.653667345117983412e-02
1.143275337725644519e-01,-3.830222511806629093e-01,1.659378831392352427e-01,8.571868573321712870e-02,-3.550109344760990493e-01,1.619870895161854840e-01,-2.045366786207148402e-01,2.051164204680916980e-01,2.269698694248817872e-01,-2.870901475394532221e-01,-1.550727865186816729e-03,1.457443734377582012e-01,1.541008970310857318e-01,-7.779165572540527873e-02,5.428191688682706267e-02,-1.801480399851157765e-01,-2.875244506777018816e-01,-1.019818448041142356e-01,-1.361167387746325952e-01,5.080208244588404337e-02,-3.775647369797893727e-02,2.674415077010793441e-03,1.907405629273480063e-01,1.133738279377010799e-01,1.663038624821622791e-01,1.543229437890210332e-01,6.667732802665835012e-02,3.572280026007656692e-03,-1.142903720493927133e-01,-2.854951915359690839e-02,-9.626166102408389297e-03,-1.484691069502958316e-01,4.413818904053504188e-02,-1.925772822291434150e-02,-5.388035416971557329e-02,-5.934231948193059020e-02,-1.274598636667479690e-01,1.398407343107391787e-01,-2.176956482892911104e-01,7.270897892068275276e-03
-1.167168764361260248e-02,-4.902871766612850735e-01,-6.776991436054878581e-02,1.901574074510072737e-02,-6.980882550511448292e-02,-7.506325618811195144e-02,1.743120306827698196e-01,-2.219122887454305915e-01,-1.210093667637656550e-01,9.262966248255831425e-02,-1.481450476944966843e-01,2.041320889627971924e-01,-2.091636271979443462e-01,-1.126254599559319836e-01,-1.259769498577956726e-01,1.917492696752715331e-01,-2.291148771605540924e-01,-1.260826406800597821e-01,4.570618554263576605e-02,2.019176771402700632e-01,-4.637723449394184211e-02,1.197269722706205547e-01,-1.700419596576041859e-01,5.716501724076210322e-02,1.318855238403856822e-01,-3.417087704634400591e-01,8.156357814288961450e-02,-5.936711786763906179e-02,5.006914671066307193e-02,2.020248532197118155e-02,-7.065485650910283133e-02,1.854663485316084826e-01,-1.797340451455425869e-01,-7.691083334446177817e-03,3.832470753971067845e-02,-1.460102562932927839e-01,5.301124139404620600e-02,-4.352593420652880324e-02,3.348364818299617157e-02,2.468654428697308056e-01
-1.281285148126816986e-01,-3.670815940299971269e-01,7.582325390564084722e-02,-4.094130203930917977e-02,1.713683986192132969e-01,-2.093643565364602110e-01,2.980168562604590052e-02,2.804258543371209167e-01,7.438999560529896415e-02,2.487654625359034255e-01,7.135296131404604558e-02,2.012128860880960934e-01,2.343352560724611400e-01,-1.121710823575732818e-01,5.657070246449060619e-02,-1.626620830352699942e-02,1.409757193999872094e-01,1.590662591435404727e-01,-3.169951759541487363e-02,-1.950984567731230742e-03,1.930809868881535052e-01,-8.291153283974629640e-02,-2.360797683840025474e-01,-1.306877971624853252e-01,1.508839712134329436e-01,2.436532817268720619e-01,-1.724906387155540274e-02,-1.864290800312930763e-01,2.193619921936020845e-01,-6.518088493395736427e-02,2.549933651762636422e-01,4.423875821816788956e-02,4.125905392442812819e-02,1.990481281727613239e-01,5.359320066320564374e-02,5.426548388668053259e-03,2.165959618252575325e-01,2.872140253920283173e-02,-1.686852447109704611e-02,-1.131029102420788857e-01
-2.441520613815258145e-01,-2.375948900495167548e-01,2.150997582554915466e-01,-6.200073470465752683e-03,1.707603871973722987e-01,2.636333575212222377e-02,7.635150833484199984e-02,-9.712855509141010701e-02,-1.425062490504744872e-01,1.981325333432488733e-01,1.397251338679107550e-02,-1.227231654693830415e-01,1.085190755952461089e-01,1.397863676626435181e-01,1.802366110911015340e-01,-5.695322478047504244e-02,-1.088975139369950662e-01,-1.381990795578629384e-04,-1.407867205806077604e-01,-3.674546692525979541e-01,-2.629649813541550252e-01,-5.148005118816092324e-02,-2.006422640153277329e-02,-4.832334314724068963e-02,-2.235063209508554583e-01,-1.694062796907297094e-02,2.178886145550635312e-01,2.302961749505126055e-01,-2.352757449897306674e-01,6.492503467935546724e-02,1.970086681668474504e-02,-1.820843729088143237e-01,-2.410494097649063527e-01,-9.274389981925520998e-02,-9.604628867868254816e-02,-1.615243486831272335e-01,1.986175762551400936e-01,3.997090674272220368e-02,-1.351351997842991093e-01,-6.489345336223088789e-02
-3.046957153037933574e-01,-6.926379420947398335e-02,-2.486618111716417667e-01,6.580813129761642344e-02,-1.047710810482343907e-01,6.585908660683541249e-02,-2.169974562600544832e-01,-2.399653438864098598e-01,1.344410669220185428e-01,3.336748873193652876e-01,-1.498488911189302664e-01,1.074849998127443695e-01,-2.896500677995683670e-03,-1.093386757085399175e-01,-2.464411165830368653e-03,-5.101861184857930942e-02,-7.395620925821598524e-02,-5.983274288184205897e-03,1.063434793027751846e-01,-4.790787117922550541e-03,-9.457135350942946772e-02,7.697436619222525200e-02,1.446146924549890078e-01,2.186419088662789473e-02,-3.057804407044810713e-01,6.926264984767543931e-02,8.766473873199920330e-02,-1.121689627905266690e-01,2.551875987643530408e-01,1.320462136843054413e-01,1.592071588640070479e-01,-3.045061648486550171e-02,-3.035859746682694968e-02,4.408129070320281062e-02,-4.139700991453530016e-02,1.068553589455058100e-01,-4.126082543909162514e-01,1.308012208390499920e-01,2.784372352799937070e-02,-2.315161680846165027e-01
-3.610465838519612558e-01,1.470062474864828328e-01,3.082377492478523551e-01,2.838223643558357781e-02,2.961458933812292221e-02,-1.433834973879610786e-01,-2.205699109082245590e-01,-2.686939654359475349e-01,-1.572940525509574639e-01,8.635576208238643359e-02,-9.854195286289850475e-02,-1.359096156195068739e-01,7.489410017180037071e-02,-2.275640349285581732e-01,-1.542552717862048783e-01,2.856258342174886056e-02,6.484611095658347757e-02,-5.523910800862066178e-02,3.776053469037311816e-02,5.391826526444445239e-02,2.614917386398233345e-01,-2.134748223467804462e-01,4.986960142717727917e-02,4.194076092420414431e-02,2.790699246304104153e-01,4.814576094632556230e-02,1.519034840580399670e-01,-7.131101353409137478e-02,-1.088843766860278367e-01,-1.453306722534119244e-01,-1.255158383667768218e-01,4.826759322889707243e-02,3.037941388171901125e-02,-6.167463904739907410e-02,3.292217650878825289e-03,6.245263922105648291e-02,-1.222855664916001756e-01,-4.137613174283460288e-02,-3.673996856967622349e-01,1.343862080527282732e-01
-2.951858986763649106e-01,1.955201374969129102e-01,3.307185465954526338e-02,-5.000766700163191553e-02,-3.063867346722000118e-01,-1.385911519916964152e-01,2.851172196449048846e-01,-1.472657940371777108e-01,1.483950149971155485e-01,-9.930390602704965153e-02,1.832744759828811298e-01,3.335857197429018678e-02,3.334567133424442553e-01,-2.015370762292980344e-01,2.258014165550337460e-01,3.323852824451634103e-02,1.089535370837783346e-01,-8.176723546560395184e-02,1.111489237576761130e-01,2.498868741490948564e-01,-5.637966435637696561e-02,2.228669538784016080e-01,-5.427176166335751645e-02,-1.165672328796137913e-01,9.785237622502648835e-02,4.182933548271214330e-02,-3.524295710289885447e-02,9.646946714037478443e-02,4.151715991426581376e-02,1.577263813664549208e-01,-3.884233261643292578e-02,-1.991811644753242461e-01,-1.799784827798267817e-01,-8.823807703995890928e-02,-1.219052589648964846e-01,7.022268443416321802e-03,1.209828843507384372e-01,1.525898308290822847e-01,1.487879834199149764e-01,1.302221652309378530e-01
-2.393334232057616473e-01,2.583094361293095664e-01,8.791695735332685779e-02,-1.370478147106332645e-01,-4.145451141253080063e-02,4.077215633777699910e-01,-1.485110823079012210e-01,-7.104203439980105728e-02,-5.384451953508007094e-02,-6.269533754368718237e-02,1.439498505305910614e-01,2.570827641266866248e-01,-5.828126022189678707e-02,8.030729290652533631e-03,-1.021283027957938516e-01,-5.374920122572313802e-02,-1.092271606985787957e-01,1.446748002417011791e-01,-1.219488351007166488e-01,-1.155223372032028323e-01,-1.074021794720712158e-01,3.112275917890820476e-01,-1.871281324952702163e-01,1.981585219965343314e-01,2.080748877095819904e-01,3.175531909282380827e-02,6.992403966425649042e-02,6.232947058221148529e-02,8.431948802946256927e-02,1.594067950884749396e-01,-5.875192221674256643e-03,2.140866530029794657e-01,-2.306675097753756870e-02,2.926172549571338100e-01,1.333376907986212057e-01,-3.018783596084244694e-02,2.017251746715327809e-01,-6.195527215788378117e-02,-8.742365288603329287e-02,-1.084237914617260518e-01
-1.799079551650545339e-01,1.984766495893326987e-01,1.469874307312729889e-01,9.664920105640510684e-03,-1.140093472298295552e-01,1.751153778714499218e-02,-7.738494087464564686e-02,1.945362674068340514e-01,6.432038190293953850e-02,8.096064462843033382e-02,-1.395009761905364465e-01,-2.815070714421858550e-02,2.365486531060600750e-01,1.903669719531058124e-01,-8.184720632336298096e-02,1.550504284005350952e-01,-4.385322018708321390e-01,-7.271553492037524657e-02,8.504537119612357032e-02,-5.588093659352705994e-02,1.673610029795379595e-01,-8.530393359338626913e-02,-6.668213171594294941e-02,9.464626677616108652e-02,-1.408250449114800407e-01,-2.657913893747234635e-01,-1.829443103031318588e-02,-1.994352678786686164e-02,-2.928435589196902444e-02,-7.657523524010781402e-02,3.538558084275124638e-01,-1.135240477501365947e-01,1.572371062940999265e-01,1.337922581624806373e-01,-7.206323755953568388e-02,4.584253901159157651e-02,6.835816897251316415e-02,-1.102431150635952012e-01,2.373343786241555453e-01,2.824458837837180991e-01
-1.162459517166663792e-01,1.184969082534790691e-01,-4.013334662356131399e-02,-6.216890602703536474e-03,3.342355548269516086e-01,2.838932023636303245e-02,9.477411735971301432e-02,1.183046375193402555e-01,-1.575741440903733193e-01,-5.462761075855268600e-02,1.190745389937254983e-01,3.569546358178389833e-01,-2.359578723725375415e-01,1.187849163045610196e-01,-1.555065030504397192e-02,-1.236435235568356661e-01,-2.334646083308201392e-01,8.165640142130585130e-03,2.226503656704075657e-02,2.450425605559160558e-01,9.768608436344139445e-02,3.819744418811088504e-02,-7.112376194867607582e-02,-1.573936459129722173e-02,-6.918377150997075120e-02,1.502114461202480045e-01,4.425296187854373120e-02,-3.420089923610531435e-01,-2.610456527381401215e-01,1.455939873865398637e-01,2.066731461512140780e-02,-2.154171758656651392e-01,-6.129049760654953910e-02,-2.253368126904055357e-01,-1.980807790708163374e-01,2.106209841470427502e-01,-2.210464613424284117e-02,1.311651806726913949e-01,-8.455320519551098868e-02,6.104843178107378227e-02
-6.094008039172998936e-02,6.122406704693183349e-02,-3.144089156473152125e-01,-1.986536478494092817e-02,1.551368791414686477e-01,1.379419373907344593e-01,9.375013940351729913e-02,-9.014663600693570422e-02,3.584804282258066133e-01,-8.641874471521057699e-02,-7.792693086875851494e-02,-5.016930811367285165e-02,1.380892612625463610e-02,-2.200069197129064236e-01,-1.093008176652530417e-01,2.519613910600169149e-01,-1.053134430846676267e-01,1.144275185268114198e-01,-2.205723530024073509e-01,-2.497628458338314872e-01,5.884110242854558633e-04,2.384937116930786055e-02,-5.390820404523806973e-03,-2.892812746676616618e-03,8.006920826539346003e-02,-1.096267040214786853e-01,-2.365886485334486034e-01,-4.029510589223130046e-02,2.342955524471366374e-03,-2.771021527296158582e-01,1.547383163629491853e-01,-2.181078355790956602e-02,-8.583821828755672234e-02,-2.564022658368914631e-01,-2.142315008736636953e-02,1.314829643238488999e-01,1.761307329535092003e-01,2.488266999987366612e-01,-2.580772893647104715e-01,3.504647965124153136e-02
3.692027992869184073e-03,1.118918766702985818e-02,-9.464795786742491446e-02,-3.174510472204385148e-03,-2.227479740499810068e-01,-7.767741441780490197e-02,7.513267759248788702e-02,-7.171097501121453943e-02,-1.758876712354768765e-02,3.108357182435892915e-02,-1.923194352290551190e-01,1.745778991468835695e-01,4.199354124182096137e-02,2.232141353472279766e-01,1.170862540695875864e-01,4.705676798226726687e-02,8.777745859568067410e-02,-3.279453528962263387e-01,-2.866114143542978221e-01,-2.999966607632815196e-01,3.321622388061398756e-01,-8.367745129160631193e-03,-4.390507516755912804e-02,3.399330319466700029e-02,7.575893375422058929e-02,-3.333737098515729413e-02,1.122046246172259815e-01,-1.543398318462204655e-01,-7.688341909198388724e-02,9.359159577445455569e-02,-2.114800669884900064e-01,-1.219297319975211347e-01,-7.068531284635147516e-02,-2.474931971486241111e-02,3.473693972036087652e-01,3.042700988635451687e-01,6.888829040056777819e-02,5.049108636957645724e-02,1.361225559408479890e-01,-1.584929432068923616e-01
4.529718572774509423e-04,-1.131281921206185072e-02,-4.018220812762603178e-02,-7.848568247790048413e-02,3.774583931535036019e-02,-1.749628639053570356e-01,-2.556135165381400592e-02,-2.011014198672723963e-01,1.179844539401360415e-01,2.136556967164660037e-02,1.471501359367134443e-01,-1.264445760024955276e-02,1.108951164313536249e-02,3.730277001062050624e-01,9.747338278604854300e-02,1.483932128249014215e-01,-1.956001861038156875e-01,-7.945740686198314584e-02,8.454748337226766774e-02,2.672010577051378011e-01,-1.936036161154043936e-02,-2.032171354735495539e-01,-6.274417385004918413e-02,2.374790692978684947e-01,2.794010819911839014e-02,1.827830108620514815e-01,-7.890099587627157074e-02,2.688860519895037715e-01,1.265359731442187718e-01,1.784080087082666743e-01,1.572202953381352519e-01,1.108652950745561971e-01,1.819843443447795861e-01,-2.728842417526859410e-01,3.247087788875496206e-01,-4.650079252112935407e-02,9.465058217690101861e-02,8.719007092852082419e-02,-2.135442473833937815e-01,-1.093102946091022570e-01
-4.304594074442006507e-03,-4.955940676298039964e-03,-3.935280729379278530e-02,-1.853078990534054796e-02,3.261128987822927566e-02,4.174240346727919881e-02,1.256771776556296072e-01,-1.944024172906919645e-01,-1.651177246078134597e-01,-1.885795501846144473e-01,-3.185432363871985584e-01,3.347714992560566483e-01,-1.113316136182918858e-01,-3.957451712181327130e-02,1.460726460756939793e-01,8.210809762468715411e-02,2.572475968022833182e-01,-7.709785082004236290e-02,-3.027056465005815988e-02,-1.252909527535653600e-01,1.235856167880693551e-01,-7.425972244717548611e-03,1.149286151014608098e-01,-2.991806248149223024e-02,6.017891072281773140e-02,4.848113189118711391e-02,-1.764916613654508026e-01,1.981011154055154488e-01,-2.204680358829465281e-02,1.785268223670527510e-01,3.684529973666428315e-01,-2.211612442365495645e-01,2.636898296466920755e-01,1.072023316177832392e-01,-1.591407939684919837e-01,-2.279112428395430878e-01,-4.963324455990249934e-02,-1.413908607133841089e-01,-1.593697450788932601e-01,7.454415177492335065e-02
-2.710171982339451904e-03,3.105603963883838380e-03,4.408032212849770023e-03,-1.095679973344090286e-01,6.679031112231009412e-03,9.239384670353309459e-02,-8.328517517679052962e-02,5.028305310134887664e-03,-2.507551435475451895e-01,2.060106683249720849e-01,-1.387608763312474236e-01,-3.326587586960796927e-02,1.068699447713264000e-01,1.306630589118973063e-01,9.379631292801392239e-02,1.110536708264735217e-01,3.887801115775515320e-02,8.855171984247467432e-02,8.897314699344741062e-02,6.470332620860956563e-02,-2.615893793645019949e-01,-3.347658285989050467e-03,3.868100891892740090e-01,2.223971564843253267e-03,2.603235595131547786e-01,-1.472302026670009867e-01,-1.206974963234094256e-01,-3.141614969359906584e-01,2.261911102805901509e-05,3.338764376825566899e-02,-1.195082540065404986e-01,-9.093585900618939011e-02,2.700420179273947952e-01,3.780823139151137657e-02,3.981534938672800367e-02,-1.153720955627638017e-01,2.330816428174240507e-01,4.259915601178305700e-01,7.725408361327652795e-02,-1.411823615221090115e-02
-7.969280779920340793e-04,-6.911270780249661495e-03,2.138872643654786410e-01,-2.804314131802953525e-01,-1.397723256720582452e-01,1.947369146403830908e-01,8.760891816063116899e-02,2.032596583535035417e-01,-5.846755276586790284e-02,2.020703794143143689e-02,-5.203970557072901126e-01,4.875896154793248061e-02,8.314383348779175176e-02,-9.934519231859782751e-02,-7.665151889863366930e-02,8.812435697328867279e-02,1.582221417871662872e-01,1.920931712977721750e-01,1.360049655892372512e-02,2.399740647122353410e-01,2.297348912719132316e-02,-7.685938051122433168e-02,-1.362911239739364976e-02,1.648336747260500390e-01,-2.882638495829314973e-01,1.534587806589350623e-01,-1.027081877632225748e-01,9.450431166264428029e-02,-1.465496445831671046e-01,6.024328185489299936e-02,-9.174300542457316729e-03,2.163065780193114129e-01,-2.181969849025679198e-01,-1.814636012710524049e-01,6.484864458510884722e-02,1.086901905437210603e-01,7.299012863357681735e-02,6.641308574254603525e-02,1.967044596803816520e-02,-5.820106567681998522e-02
-1.602907603989046047e-03,7.521717676728025860e-03,-5.446797683932878137e-02,-1.594690450724069730e-01,-6.948797314818956627e-02,-6.911629685780761034e-02,1.960354871040934643e-01,1.973096145641113283e-02,-3.407104259634178289e-01,-1.374470652998531495e-01,3.138435213922040057e-01,1.912641072073805737e-01,1.562412334694305294e-01,8.899655438905751392e-03,-3.535348762724149219e-01,2.253616321680899370e-01,-4.226273432464733998e-02,-1.350992394054544854e-01,4.312335219539562697e-02,-1.993718380095479970e-01,1.679946571018488266e-02,-7.787326520575586775e-02,2.250591085121962098e-01,-2.158592197208995117e-02,-1.020945774583864041e-01,2.249586788342589627e-01,4.053958792986278592e-02,8.203528653712660601e-02,-4.486354785957629571e-02,-1.994041450375501345e-01,1.260513690384533481e-01,1.771413145557242941e-01,-1.325082239284239849e-01,1.004268179330275457e-01,7.167626259018484991e-02,-9.707531009460595994e-02,-2.170901766255823040e-01,2.788829670879444111e-01,8.857931947583087828e-02,1.693817632659137817e-02
3.185465861602162184e-03,-5.343195394372920841e-03,1.641597183484350408e-01,1.066823460128903805e-01,1.655871851606593448e-01,7.626452127162515471e-02,2.198647664469288165e-01,-9.102462357835727769e-02,1.290641975892541093e-01,1.691591501285513374e-02,-9.131582369561627721e-02,4.179267644335795673e-01,1.912947962935464541e-01,1.641437931853559351e-01,9.481540255822198601e-03,-5.387144193759525745e-02,-4.215968213819661775e-02,1.926178135344949749e-01,2.367054171800357654e-01,3.346159333841872141e-02,-1.015499785628550672e-01,-3.052761013301719464e-02,2.230357250181331380e-02,-1.744877652504994436e-01,2.855018091324020013e-02,-1.933286125146949919e-01,1.154474202723250811e-02,3.001267248782472086e-01,3.167429368290679975e-02,-3.388021218564054582e-01,-2.828687476301789960e-01,-5.522285134428447234e-02,1.523260940237813887e-01,7.117529055378578329e-02,8.466002523175251981e-02,2.576731300835020666e-01,-1.566236173780612417e-01,-1.079662323025609889e-02,-5.390529392566281025e-02,-1.021781438229260319e-01
-9.643509898926657699e-04,-5.248044664945182786e-04,-1.755719250130025402e-02,3.010954850642743597e-01,1.869583233021316349e-01,-5.471324933462392431e-02,-1.248419457778295188e-01,1.252840505256141712e-01,-2.211664185092872270e-01,-6.679176553878118060e-03,2.309599762539405951e-02,4.343215491496814351e-02,2.270779999281711259e-01,-1.462844373355808303e-01,-2.379889817519122500e-02,6.445723278229713304e-02,-3.768752747272399728e-02,-2.248849382779213313e-01,-9.727426887766910113e-02,1.981408982686936326e-01,-4.624505033036831886e-02,2.810208904857143808e-01,3.854092628801001896e-01,-4.031597510616910518e-02,3.812999994133919879e-02,-1.304464694528615076e-01,-6.729123231053626975e-02,1.129237347416900267e-01,-3.035018156863516364e-02,8.323857250112363590e-03,2.017574086679889411e-01,1.223404747770871770e-01,-1.144100973622510092e-01,-1.523514879440249770e-01,8.334335677468517056e-02,1.994464603797881097e-01,1.782148079971050125e-01,-3.092264904936843917e-01,-9.950269476715702804e-03,-2.753674085019883200e-01
-6.039037381270641715e-04,-1.887487588999613511e-02,2.413403541107172340e-02,2.627018889233395660e-01,2.007464640799884181e-01,2.554050171799627789e-01,-2.912351461080348036e-02,1.094049916088966207e-01,-2.812193056735877092e-02,4.127625360158894419e-02,-1.926180341471920576e-01,-1.442949997807673190e-01,5.734620351502851127e-02,1.057166044227504792e-01,-2.855563072366860133e-01,1.341286703536201941e-01,1.706731356279924949e-01,-3.176387806250514645e-01,4.526664554328577866e-02,5.882836603812030551e-02,-2.302395469362233660e-01,3.636609475112067419e-02,-3.377937250899487598e-01,7.808797782524935782e-02,3.024505429289450209e-01,2.302956714519286130e-01,3.632472421180875377e-02,1.352160528488834668e-01,9.475340190429187848e-02,-1.194080042506569413e-02,4.931434682471553393e-02,-2.557561708855077831e-01,-6.173915495015601385e-02,-6.185971482606174299e-02,-1.653485718759842987e-02,2.098188981873266856e-02,-1.544251386758049571e-01,1.379241808901246757e-01,1.860178698330905989e-01,1.768170919335456531e-02
1.839946693187376062e-03,7.015348713127622302e-03,5.557793207508059108e-02,-1.142601081034627652e-01,-1.288897876284430810e-01,-3.941416181422519593e-01,-5.855052256963293178e-02,-8.747726923204503235e-02,1.544485401376725076e-01,-2.840682305086671133e-02,-1.015744004582021520e-01,8.953654050684592414e-02,-1.322662616050364337e-01,1.772554378130046793e-01,-3.964579918259749092e-01,5.096204095430349051e-02,-3.970017223465226869e-02,1.654438609356189693e-01,-3.643306167742507012e-02,-6.845188691522585689e-02,-3.030347055185693139e-01,-1.086857046889369155e-01,2.033579106999003905e-01,3.741010163494181556e-02,1.526268705783366264e-01,1.638563618202852623e-01,-1.285814448207334704e-01,-3.450586866835308325e-02,7.210357226249945739e-02,9.280170908313035982e-02,-3.927436331339242276e-02,-2.322112801672282234e-01,-2.337763749420658788e-01,1.247876685389011642e-01,-1.670718471901806168e-01,1.816164110922722508e-01,1.602078292760772682e-01,-2.662682088723074547e-01,3.743345932349069483e-02,-3.858686053144387562e-02
-2.901089113162949422e-03,1.108719936579138053e-02,7.717885941181015785e-02,-2.312520528489242153e-03,2.649285746582552559e-01,1.558475622744264454e-02,2.371535749076529309e-01,1.275685909012389263e-01,1.588322472748071035e-01,4.826306303852598983e-02,-9.019416628180090822e-02,-9.591583539777025214e-02,2.206354831460714816e-02,8.452441280550204716e-02,-1.652132670014725135e-01,-2.748181162691100132e-01,-4.764758206019541892e-02,-8.987475356426359585e-02,-9.438588714355126974e-02,-6.321334558300137352e-02,2.750775077222332166e-01,9.849788403124955238e-03,3.225483837771843665e-01,3.858734650820398043e-02,8.489812451198718024e-02,-9.150860124821896813e-02,5.720946199132195820e-02,1.992372436797984481e-01,3.529304731740420253e-01,3.726018688043181148e-01,-1.045559323971017029e-01,1.818555893084127517e-01,-8.529524326439374970e-02,5.631274487061791595e-02,-1.633593216883117982e-01,2.293829555688814414e-02,-2.477876767779050790e-03,2.200065759792748377e-01,-4.339895229801153664e-02,1.928146459862586926e-01
-2.505893970707476562e-03,3.963901859623460665e-03,-3.482155891528300740e-01,8.083123179850772513e-03,1.902101627127905370e-01,-9.665648232477391799e-02,-2.744764200064522264e-01,-6.920372687117277988e-02,1.719894928644509838e-03,6.244373668995550214e-02,-1.652075795683820292e-01,8.189495724813027067e-02,1.489548113733186185e-01,-4.068768372001203143e-02,2.066463532866024133e-01,-4.524128092027373399e-02,-2.306177212937681742e-01,-2.201924703715847989e-02,1.612637890398951890e-01,-7.585442977986027457e-02,1.602690976345204354e-01,-8.463395757511838272e-03,-6.328472740587693518e-03,1.018525638474982592e-01,1.406076840441882470e-01,2.889811988065432713e-01,-2.222936801791939587e-01,2.241667824169412959e-01,-2.600347147559758376e-01,-4.689522318541087392e-02,-2.764499387760767091e-01,1.636158830109431805e-01,-1.406829113007635190e-01,1.375541103265995602e-01,-1.800602350214201841e-01,-1.224016958084200440e-01,6.593721877013990207e-02,3.904017444923226811e-03,2.346629156436408625e-01,5.839074954498604114e-02
-1.857058559653247546e-04,7.761115912249931699e-03,3.075809640351540586e-01,2.323975517549057568e-01,1.160270515493879301e-01,-3.457366080546971782e-02,-1.173638858013712621e-01,2.971812473714087813e-02,-2.448849584082554362e-02,3.974717803748623046e-02,1.242456389954083584e-01,1.685670784655814436e-01,-1.945061877236482495e-01,-2.031726477665981856e-01,2.305445712323535290e-01,1.815244072907071238e-01,2.825922131209655580e-04,2.204999867687142956e-01,-9.178022818958564422e-02,-1.783102344499963299e-01,-7.543105651128668813e-03,3.110561613091954516e-02,1.579699298750021630e-01,2.506280742542453810e-01,-6.661671035472895019e-02,1.367791891520942493e-01,-1.284845435293637539e-01,3.283032304569601795e-02,2.343813298918380195e-01,-7.965011784831447367e-03,-8.153972181790281049e-02,-1.318404335286419982e-01,-7.579913849758768141e-02,-1.975190014067867983e-01,2.700575403664726148e-01,4.647026515996297187e-03,-8.957936408105184045e-02,1.108079862564278345e-03,2.716751912345269360e-01,3.373824645884475615e-01
7.293701439903060250e-04,1.845872839545379188e-02,2.298103956937379566e-01,-1.467687690901396946e-01,1.156486136990463737e-01,4.110451936729875300e-02,8.533157913395796046e-03,-5.843217981893699536e-02,-4.217722548153461648e-02,-4.017293986616457535e-02,9.552796022377535445e-02,2.581705013817831365e-02,7.995005366908146394e-02,1.075897081327257671e-01,2.043861205547901627e-01,6.074450479430107061e-03,1.996246580587190608e-02,-3.094219429390459575e-01,-1.315064526189659855e-01,7.515681608018597026e-02,-2.523508973010770914e-02,-1.161399117307995166e-01,-9.086217875902707908e-02,2.637122440674909418e-01,-8.362020655055328600e-02,-1.777596693249363369e-01,-4.758753117594532456e-01,-2.008274538276633436e-01,2.303828021432103579e-01,-1.775665895374301806e-01,-9.653071046145390854e-02,-1.202816288896512743e-02,-2.600413958498008493e-01,1.574174247243713964e-01,-2.215778275005431952e-01,-6.689924901559746173e-02,-1.652095336188927899e-01,-2.833992387271725560e-02,-1.126437478757396082e-01,-1.912417885530847961e-01
5.090942151206342796e-03,1.013498774064824047e-02,-2.774512995937128412e-01,1.060183217145304890e-01,6.048026198636527462e-02,-9.825790690591884591e-02,4.638047774203362533e-02,-3.141823009208172951e-02,-2.574439105187029675e-01,-2.041775113043794165e-01,-8.301521423811432376e-02,4.254658869184448772e-02,4.338814995569955091e-01,-1.421277338134580848e-01,-2.243228912010639398e-01,-2.471997947867676793e-01,-4.069023115855467665e-02,1.314419378978949338e-01,-9.274804090210098106e-02,-2.195734121773518233e-02,-9.350017977311483874e-02,-9.699308068168148445e-02,-1.647490591671554316e-01,2.689135264996986296e-01,-2.404185508433442087e-01,-4.121413958899838165e-02,-7.668345501995462799e-04,-1.193401797445279577e-01,2.123723644743714389e-01,9.255194696895671647e-02,-2.222709598231341621e-01,-1.948610915429697110e-01,1.517586892859270065e-01,-8.179608363969106954e-02,1.256289936241447580e-01,-1.336774476205963291e-01,7.804881931768659076e-02,-1.042238234707443256e-01,-9.988930503234816349e-02,8.909082895229399057e-02
-3.590984301407222287e-03,1.208774410878125233e-02,-7.390507093048609422e-02,1.329171725862013653e-01,-4.730690737555253572e-02,-9.306816783371472945e-02,2.863284713969140305e-01,9.913662084235283500e-02,-2.298175758591449458e-01,-1.297173863177319419e-01,-1.105365989437500918e-01,-2.039787373208431787e-01,-5.656603975301554427e-02,-1.310707603665279275e-01,3.403245241308524571e-01,1.915116919889461311e-01,-2.073220180705184768e-01,4.406928958773520533e-02,-4.212075215841309256e-02,-5.865120537134581313e-02,-2.455956051653693240e-01,-1.126773615685259661e-01,-6.120271537497139896e-02,1.498711247476602892e-01,7.899476328356512533e-02,1.565448129652237397e-01,1.244552963950272956e-01,4.275903823009401358e-04,9.376938399375697730e-02,6.925441367845620866e-02,7.828555780720657456e-03,1.797621109982634746e-01,1.263599111295878319e-01,2.703587862685097321e-01,-1.512318354504136875e-01,4.477575785672394115e-01,-7.571777243895938536e-02,1.982216190586232746e-02,-1.317433107758959610e-01,1.395377918882693448e-02
-4.991861409297718329e-03,-2.947960830694607189e-03,9.764698811357959418e-02,1.409583024281561292e-01,-6.270002412246417772e-03,-1.604039000604619847e-01,1.533578175612375361e-01,8.729471626609317317e-03,-2.420039859492811862e-02,8.862508821686179705e-02,6.204796158985549648e-02,-1.285752788524676393e-01,-1.724884729675235651e-01,-2.459548177733645036e-01,-1.818712946438923728e-01,6.853947178234605364e-02,-1.411472293633281583e-01,1.860571696937032005e-01,-1.396126020326558803e-01,1.396549450517486912e-01,2.354978667540149062e-01,4.198302507285246038e-02,-5.668781480331712419e-02,2.266466904283302164e-01,-5.433449127842903716e-03,-1.439537340881765770e-01,-1.173899169378829349e-01,2.212770477589913742e-01,-2.183582856128157557e-01,7.879372709578319478e-02,-5.005471561789601870e-02,-2.802162391109466189e-01,1.195880634580478719e-01,2.238140442538628927e-01,1.865393250237649958e-02,-9.820200067372049368e-02,-3.928527616774353526e-02,2.366627433088664134e-01,1.157548854844692998e-01,-4.418916000547202239e-01
2.804768568285982092e-03,-3.709236099523192942e-03,-6.194039946675354569e-03,3.635840578034525428e-01,-2.757011067856590114e-01,4.533686272160366432e-02,1.633259069046364420e-01,1.364543307898154895e-02,-1.307780922892560205e-01,1.083221714103024674e-01,7.037922715539382534e-02,1.387401822406719200e-02,1.037086167681984666e-01,2.035150733321278715e-01,-1.763941817435363962e-02,-1.432283564228084283e-01,5.054332615799785045e-02,3.127793500475886113e-01,1.851321632215566781e-01,-2.420131045170411110e-01,8.232505946972976107e-02,-6.341671710222300529e-02,-8.432546029335781512e-02,1.293040300028159284e-01,2.809049760003154428e-01,-1.117476147990326962e-01,-2.279333488704941013e-01,-1.098154695701828026e-01,-9.972110403369385812e-02,1.411871078701070759e-01,1.534286141339434861e-01,2.073857453905857962e-01,-1.518500379723028981e-01,-2.951752143538594053e-01,-1.448125827058205362e-01,-3.699663252874276637e-02,-1.699520893182752124e-01,-4.031085215967645380e-02,-1.309239892864632292e-02,-1.137356863583963151e-01
4.718097306349736467e-03,1.536911743862340654e-02,1.966766922721900901e-01,1.225019312796186699e-01,-1.103261505322188918e-01,2.118665223345780890e-02,-6.372313041070751076e-03,-2.870496508200653940e-01,-5.986365717325941443e-02,2.807981036797516788e-02,-1.428180850725529853e-02,9.614302982024748589e-02,-4.349497812466857072e-02,-6.240130328239663210e-02,-1.077805664007636943e-01,-1.698692528217455866e-01,-1.112648611487164207e-01,-9.416441370020067758e-02,-3.940164925840177190e-01,2.894156297888451912e-02,-7.464771310110270008e-02,-1.406186718670038305e-01,-1.055171209229623791e-01,-2.125594066730724929e-01,-7.583190320812577268e-02,1.543407507726430039e-01,-9.904798050506176399e-02,2.420491731943161598e-02,9.247334675636938173e-02,-9.354701893216078867e-02,-1.494788698907735178e-02,2.729765714646609776e-01,3.363454750911331614e-01,-2.196950277868194856e-01,-2.982085498854556427e-01,4.278464678386128400e-02,1.690918152709853794e-01,8.066603280759815364e-02,3.271012444649895046e-01,-7.526469148405491583e-02
3.544744975466705087e-03,1.008435487249615195e-02,9.748422149598306996e-02,2.656095825458037463e-01,-1.708792528975273950e-02,-1.022925327387970845e-01,-1.399386799256573111e-02,-2.239768396953986940e-01,-8.059364095497149882e-02,-3.256256705086010839e-01,-2.177049381353759749e-01,-1.234407557394899546e-01,-1.501147736395645749e-01,1.793641619952598409e-01,5.076809752623224342e-02,-2.492112954659727597e-01,-8.831964404056391951e-03,6.098691271686160209e-02,2.297332876182694716e-01,3.726673701604065608e-02,1.414433081982902907e-01,1.971433155584079999e-01,2.493603343965060740e-02,6.650066133168446025e-02,-1.219732321417454773e-01,1.113330235306550786e-01,9.950388396233718347e-02,-9.224474249661948622e-02,1.678208229992123601e-01,-3.378017940189993462e-01,2.018918460424717620e-01,-7.827805140386445704e-03,-2.052256537706148021e-01,1.330236714540379839e-01,6.736961424646632779e-02,-3.222318281529312073e-02,2.819019378596910319e-01,2.544011727369773768e-01,1.460801351755963186e-02,-6.097012860109924520e-02
