8.720811550994602562e-03,-9.957395619549605156e-03,5.379028391199036814e-03,5.035987346357565474e-03,-4.092690757938392820e-02,1.730756342100446196e-02,-3.513640171294691444e-02,2.794999823452987923e-03,2.825413856072393672e-03,-9.856382823969786489e-02,-3.855640629077899256e-02,-7.235864088722999271e-03,-4.650724637026480701e-02,-8.813554473717653825e-02,1.075194234818049530e-02,-1.126178074893399716e-01,6.748496365722153612e-02,-3.249823154357134487e-03,-1.834363542190964314e-01,4.519921163035101573e-03,-1.780265351934204321e-01,9.775598408982719145e-02,-4.495501100032687214e-01,-6.856994166240593103e-01,-2.754776300707700853e-01,3.646343982921603638e-02,2.902439504599676687e-02,-1.287557292696564215e-01,-3.368498455564863381e-01,5.190437922955486172e-02,-2.581484015007562374e-14,5.097589548293499950e-15,5.097589548293499950e-15,-5.243177176632641369e-15
-1.095605011373736691e-02,1.723957947511255140e-02,-1.066089637891690957e-02,4.695949929514443844e-02,-2.816944024511951472e-01,2.231985750097957577e-01,-8.038864805032425176e-02,2.236833513622233094e-01,4.933779801925609887e-02,-7.389499707644416882e-01,-2.161642091288043799e-01,-3.225156131157985717e-01,1.962505552256515462e-01,1.923511726334626859e-01,-8.938886028245932036e-02,-2.018531085945382900e-02,-1.644042936520246495e-02,-6.084412018343677425e-02,3.195523726856345365e-02,8.201132525119415873e-02,8.733890462987332903e-02,-5.283404846117336490e-02,6.828441769164077246e-02,3.154494385815437979e-02,1.110236580183657229e-02,1.768862760625241129e-02,1.064972463393511377e-02,-4.303680410223066286e-03,-9.783762942101240437e-03,1.377419999975052801e-03,-2.024146491725681554e-16,3.895359631288572608e-17,3.895359631288572608e-17,-4.165468977419614267e-17
1.128460451874356389e-02,-8.335723234350099833e-03,2.510114402362917645e-03,-3.046791937171483078e-04,-9.351894070620887095e-03,1.065686370533112416e-02,-1.142574491604048462e-02,6.121299007664109115e-03,-9.803243179819816702e-03,2.310476823570490820e-02,-5.655679065709785791e-02,-2.144526829671469445e-02,-1.524006068331859760e-02,-1.524378368667506367e-01,3.554487422271888214e-02,-3.904791061024142501e-02,1.200952828447013204e-01,-5.577816348394552814e-02,1.655261500323340629e-02,3.126559795653633539e-02,2.548317255578466112e-01,-1.691158809652086314e-01,-2.930585984973788083e-01,3.359049154737801524e-01,9.528510656243086019e-02,-2.740738031131861319e-01,-1.139591388371330727e-01,3.490646335379130605e-01,-6.126797907073070482e-01,2.518650799593160072e-01,-1.606073730337126298e-13,1.372811549090545014e-14,1.372811549090545014e-14,-1.145624106629027822e-14
-7.283138151826533402e-02,-4.941290605054731166e-01,-1.059917534424458484e-02,-8.480287603946703445e-01,6.284162958303525504e-02,-6.805893704242216291e-02,5.427353523114798739e-02,6.522228009183143882e-02,3.829901921433486595e-02,-7.698373585544454611e-02,4.299551103831394938e-02,-2.926128974945040387e-02,-4.072473622521874067e-04,4.425605129494609991e-02,-4.394883434995692367e-02,-1.815976132348062072e-02,2.243530539807044033e-02,3.824945328532458350e-04,1.236302165604264564e-02,-1.190664801443290337e-02,-4.423827797572968575e-03,-7.225551341561899620e-03,-1.296260099412301081e-02,8.203974235264871115e-03,-4.573863454086072623e-03,3.474029752077154032e-03,2.399132049423947140e-03,2.303381263422677946e-03,-3.241565460863685393e-03,-2.885682513159889672e-03,-2.523504372005829806e-16,-8.741636171071330425e-18,-8.741636171071330425e-18,4.569308947686624456e-17
1.429634520756554311e-02,-1.462044426348886421e-02,3.565189398210267136e-03,-7.133925097264231553e-03,-3.896161318909929089e-02,2.193005563728406271e-02,1.320295136120297301e-02,-1.589234979974535333e-02,-1.214033256062111744e-02,-3.415992730332232264e-03,-4.396021752654201420e-02,-8.470748664449537224e-03,-3.138678840375531270e-02,-2.679547864991685957e-01,-1.368670806372148663e-01,-6.143503675440020739e-01,-4.688625314774459429e-01,4.544831809452615778e-01,1.754667889745851195e-01,2.440138244967012260e-01,-3.364036207739010825e-02,-4.505416727124129939e-03,5.636378398238883064e-02,3.728426087810525480e-02,-1.725648773634134167e-03,7.600969448526382222e-04,7.592365295165080970e-03,-1.738871810176858060e-02,-2.174115421640898660e-02,5.207367549982094140e-02,-1.812870740656381653e-15,6.759399136198715861e-16,6.759399136198715861e-16,-6.342615176485803726e-16
5.434893032764740589e-02,-9.248664047202850846e-02,-3.329218322417251859e-03,1.911677203524511561e-03,-6.167561266149832605e-02,1.061402289041154939e-01,-3.065627534883139660e-01,-3.888165749525791109e-02,2.267379148255693200e-01,-2.329396151851459151e-01,-3.249059503341795718e-01,6.405419953033280045e-01,-4.646107404636888871e-01,-1.181605528294896040e-01,-4.152537874465764278e-02,9.303074836861488506e-02,8.499831373956759015e-03,-4.637512849643980750e-02,6.980580028181655738e-02,3.203908050387885287e-02,-5.604623823580102103e-03,-3.219768495997927388e-02,6.683696465772413081e-03,4.971795069882895685e-02,-3.992058152888758663e-03,-8.801888150493071897e-04,-1.867257279938780911e-03,-1.486437770322731992e-02,5.666062223485955618e-02,-3.200098628571976245e-02,8.135972926430669278e-15,-1.315328517976017689e-15,-1.315328517976017689e-15,1.318845664116258962e-15
9.463597479971411208e-02,-1.742486925342790274e-02,3.412563747143507881e-02,-3.848519811245742790e-03,-7.177616114140465964e-01,-6.707172649186631253e-01,-3.676299020085616043e-02,-7.149957687541608209e-02,-6.065738171065237355e-02,1.065923665377181175e-02,7.373081000618779413e-02,6.170120596802378121e-02,-2.290321491621838054e-02,5.038562882392157855e-02,-4.560361759492047133e-03,-1.139267766181371877e-02,1.099406721472185461e-02,-1.817054623780444550e-02,2.183090928849797108e-02,-1.860945601769282650e-04,-1.873728706758397318e-03,-1.510393636766283777e-02,7.134269953524473296e-03,1.491266503491264946e-02,-2.999559594326037769e-03,2.291996984081626221e-03,-5.029911323605890106e-04,-8.441652039291841492e-03,-4.709500886614444333e-03,1.622807202776122351e-02,-1.585664892446947251e-15,7.752379819451948347e-17,7.752379819451948347e-17,-1.925966179207959776e-17
-7.365884373273022534e-02,-6.760573259993425677e-02,1.468114631251593930e-02,-2.648241354396276004e-02,7.459879693677162749e-02,-4.683719150998931491e-02,-8.769700428011244497e-01,-9.612783702615342041e-02,-2.121605541598537564e-02,1.558718865592961245e-01,8.227420044181175951e-02,-2.520298375752961784e-01,1.105643430073097178e-01,-3.422499099835291797e-02,7.732668284387206326e-02,7.900998641902562403e-02,-1.568176490759571884e-01,-1.126285748955728472e-01,-6.650306487316127481e-04,1.896956000005939613e-01,6.105350984401102660e-02,3.328532016909153263e-02,3.086852758116145207e-02,-1.617274522834160483e-02,-2.422512268168921720e-02,1.087435543994623097e-03,5.551679807556976487e-03,-4.426574013159565585e-02,-2.120936880375801428e-02,4.398178652029347165e-03,-1.337390035169622270e-15,3.941254829025347970e-16,3.941254829025347970e-16,-4.288858419772372241e-16
-4.719175768818058628e-03,-2.158993089999283472e-04,1.984652378843959186e-03,5.677013163940690735e-03,9.668850951445200070e-03,-7.686671733582194944e-03,-3.138115659075149666e-02,1.969023593838191075e-02,1.761823279174299164e-02,8.460451070627870995e-02,-1.035636813825026870e-01,-4.881063186279054056e-02,5.020799696311648019e-02,-1.818614150117315587e-01,-1.393258911290263169e-03,-4.310129190774559249e-01,6.685028762888498566e-01,-2.749955049092627779e-01,2.934381626516653352e-01,2.358668017109325776e-01,-1.048836325678201981e-01,9.039177988737451264e-02,2.464090470231551089e-01,-1.108128823900962449e-02,-5.764280659467449497e-02,1.714583981405107954e-02,1.360464031224786069e-02,-5.365806780160931738e-02,-1.046698362471147614e-02,-7.356651260526372860e-02,1.398302453790543915e-14,-5.725197258493224912e-16,-5.725197258493224912e-16,5.381281205924369784e-16
3.458944693240361421e-04,-3.922152056506692484e-03,2.798797625960856069e-03,7.042790232571936263e-04,-2.516595473826962678e-02,-1.415102027328070259e-03,-8.591344774269813953e-03,-8.772821619406338811e-03,-1.895030282878367930e-02,-3.142878267082774985e-02,-3.068690013683368634e-02,-5.842801769041336413e-02,7.876177971064463046e-03,-7.743203465026500532e-02,3.875648624290566752e-02,-1.345863625696318011e-01,4.485296500866471636e-02,-1.087019609968697537e-01,-1.488616024786083500e-02,1.267939637207409764e-01,5.920993235241255731e-02,1.967105224768465332e-01,-5.594740718908882693e-01,-1.121299086907476435e-02,1.587044114392685279e-01,-1.578485186861602330e-01,-2.617505562657714280e-01,3.253453995864039605e-01,5.950862543096714363e-01,-6.128990849852892359e-02,3.109713965540847804e-14,-6.045486907719577572e-15,-6.045486907719577572e-15,5.814591435751307400e-15
-1.055777398156982662e-02,6.067085022998165711e-03,-1.872295365385003276e-05,1.747283902338133766e-03,-1.770883690703630234e-02,1.864693013438832028e-03,-8.467906980511920659e-03,-2.122004606730807773e-03,1.515718225691423116e-02,4.077596387524676583e-03,-9.537337599737964050e-03,5.591988741239675535e-03,2.745672987464401263e-02,1.492397616323562493e-02,-3.184437294795801343e-02,-4.312199169472025195e-02,-2.981839833953524744e-03,2.550583120186718927e-02,-1.242644567382630433e-01,2.271658868976839021e-03,-8.864780558011233630e-03,1.262913588858698422e-01,-1.048327906340489890e-01,1.886083064668360454e-01,-1.892213369509131715e-01,-2.036667125910990028e-01,3.864956371616289355e-01,5.558187463010717810e-02,-4.894933037102230933e-02,-4.294067534851798151e-01,2.667159541497543876e-02,6.348404113140179161e-01,6.348404113140179161e-01,-4.257654727397485184e-01
-6.975951933940157182e-03,1.234308882918921501e-03,-3.223867315109209286e-04,-6.334273171639397430e-04,-2.169703518019203137e-02,7.215376450397310501e-03,-2.046067412171617347e-02,-5.177830651571142979e-03,8.824322885053739393e-03,2.065940841852179077e-02,-1.381689894713225911e-02,2.416214658003053642e-02,3.791310108853981203e-02,-2.540829293783019704e-03,-4.629040761853590175e-02,7.511891220990168580e-03,9.572678004487288408e-03,7.633869436047249768e-02,-7.304569288872184152e-02,2.149815759747628757e-02,2.571841087638863238e-02,1.240291051700671277e-01,-2.172733912901349956e-02,9.531544521552855198e-02,-3.516671207615374578e-02,7.008064778304123887e-01,-3.427463936309115278e-01,3.178217762561775239e-01,-2.245030936042962943e-01,-4.421378504493346795e-01,3.726846006462318376e-14,-4.021818791002388753e-15,-4.021818791002388753e-15,2.342771309598825344e-15
-1.190832261423411913e-02,1.641435096403955464e-03,-3.835919525629657555e-03,-6.734825937132728896e-03,-2.741479645950451252e-02,2.595474339185328133e-02,-1.256861592431063671e-02,3.615907988558952381e-03,-7.793152624548249294e-03,-5.815511511201255923e-02,-2.617756724109572813e-03,2.711172017688244854e-02,-1.320557320095590292e-02,-8.066062082889758136e-03,-1.043084532941811887e-02,-5.591440722745168873e-02,4.739837300762651112e-02,-5.443653253481983570e-04,-4.378787220022749560e-01,5.477962202109527140e-02,-2.427740166526427545e-01,6.066738264753982479e-01,2.251058117043006762e-02,3.874833113954189168e-01,-7.337342891240639098e-02,1.041798497067775303e-01,-3.392141676883628221e-02,-1.528115610344883135e-01,-3.021310075621411184e-02,4.174445947850965455e-01,-9.323722980213772063e-15,-4.089732737001617595e-16,-4.089732737001617595e-16,4.288703486431015984e-16
-2.574758106173880359e-02,-2.384413430576906232e-02,8.559273213767835953e-03,7.779114056217485695e-03,-5.422911777916368352e-03,1.220451399625930439e-02,-2.892212264030207813e-01,-5.164766415337681410e-02,-4.644394357426537973e-02,-5.301949039765493227e-02,-9.481464441215427252e-02,4.907402994279570774e-02,2.118578397640612510e-01,2.434005459739273930e-02,7.433642344504126642e-02,-1.934496750763881334e-01,3.020885487474982978e-01,4.555743884654886999e-01,-7.142980271605273157e-02,-6.404500791886424960e-01,-2.166025627312455626e-01,-1.246604717437004850e-01,-6.133064056590774304e-03,3.753062802984183377e-02,6.275319451992573960e-02,-5.862021416392623058e-02,-4.765374805035908767e-02,1.092165253301900785e-01,8.455880954363638458e-02,2.526309943395334268e-02,2.526149825236951600e-15,-7.862102020458611317e-16,-7.862102020458611317e-16,8.657958520298559050e-16
3.196143622319553776e-03,-2.118382520038439645e-03,2.087887772388975337e-03,4.029504887740336695e-03,1.612863370064806677e-03,-1.456856534794804007e-03,-1.856270259269049080e-02,9.990186821556985494e-03,2.197273806931770296e-02,4.348988530707733474e-02,-3.013720121195112914e-02,-4.929607921042522545e-03,3.084003127916497278e-02,-8.191203437565663936e-02,-1.522930021484397711e-02,-7.389717622566448207e-02,8.858675572609880922e-02,-4.051768480033309666e-02,-1.063139269297378418e-02,-1.993004850129787356e-02,1.978144181869162521e-01,-1.884279040852866738e-01,-2.648565257748642932e-01,6.368123970250830213e-02,1.377919019465586870e-01,5.374822216940945419e-01,6.381862899780638143e-01,4.464849670253311087e-02,1.507775283870680105e-01,2.900572289192188680e-01,6.228520417417835256e-14,-4.627613907882251977e-15,-4.627613907882251977e-15,3.909546990538778138e-15
5.478115444875069923e-04,1.453871619493183817e-02,-3.290746780694517163e-04,-7.681484533034454824e-03,-2.507021529013301817e-02,4.143257244692075125e-02,-7.341916243827214042e-03,2.943919115435280481e-02,-1.123057810353208369e-02,-3.968072815959088062e-02,1.246705485275888259e-01,5.807638902774041323e-02,5.494081462874991079e-02,-2.162040602142498436e-01,-1.211794914364821008e-01,-2.253103105365467373e-01,-2.958361790950327919e-01,-5.432424205455796962e-01,-4.556195963933973997e-02,-4.138405984314844077e-01,-3.205394186250779681e-02,-6.263523758531767960e-02,1.842992296875073932e-01,-1.652539708767214108e-02,-3.820350097308487514e-01,1.547520363260641157e-02,-1.349597239972899661e-02,3.134842923494736699e-01,8.486983787117481637e-02,1.167321071129102661e-01,-8.577649466700599081e-16,1.088281449355100038e-16,1.088281449355100038e-16,-2.432620503870621549e-16
-2.598701415737752086e-03,-5.655741534216133072e-04,1.730628472452718555e-03,-4.662311840446216674e-04,-1.925330496045708426e-02,1.262737699007076934e-02,-1.224264492107789842e-02,2.765249682764618980e-02,-1.128690027367148206e-02,-2.934347829077218334e-02,4.543285889599778249e-02,1.096165694165766868e-02,3.218127246826770621e-02,-2.034281266425439771e-01,-8.820587312846341066e-02,-1.986366248800424672e-01,-1.273204270264587379e-01,-3.263128869370423013e-01,-1.251993587263164343e-01,-2.705381246705377274e-01,4.957848903741846926e-03,8.678316871000048283e-03,-1.323980249076192051e-01,6.426197735962360658e-02,5.916375864100622550e-01,7.963471245722782144e-03,-6.772937151080372919e-02,-4.738908358090270778e-01,-1.414822747090533073e-01,-2.704187797112366787e-01,9.030507360616528490e-15,-1.749367929984635991e-15,-1.749367929984635991e-15,1.424084175542121876e-15
-4.860895395288476056e-02,3.690359411848982002e-02,-1.007895559246946467e-02,-2.889928566052076681e-03,-4.707916548422488856e-02,1.071034068775149201e-01,-7.708915586916056939e-02,2.940528057875518853e-02,3.855274035627383883e-02,2.243636925117970526e-01,-2.570304763686687491e-02,3.038327627964370059e-01,3.319164435638182753e-01,5.062688618796729045e-01,-5.496747927097240805e-01,-6.373630599935649343e-02,-5.205186052020045057e-02,-8.056112585228666911e-02,2.784991120753405602e-01,-4.585914308752256363e-03,-3.719334307065565171e-02,1.550613163808710615e-01,-1.567863282267857594e-01,-2.777150516338918948e-02,5.023297836255222887e-02,-3.066997248883038610e-02,5.074865661066076464e-03,7.623629842926964162e-03,-8.965042346545104568e-02,9.508254978163271920e-02,-2.022917425605472649e-14,1.963695354452205509e-15,1.963695354452205509e-15,-1.796711306774463842e-15
-2.020513082848070241e-03,-1.204458158759947294e-02,5.345452449482430979e-03,-1.437026027405621971e-02,-2.542667383509874049e-02,2.174838703669180334e-03,-1.750148086056660390e-02,-3.770225857853405377e-03,4.689558227981234506e-02,6.213056815697902413e-02,-4.502060388095038140e-02,1.279142394477892908e-01,9.059265052477678826e-02,-2.503356753842492580e-02,-1.838960704448442118e-01,-1.135813201572116182e-01,1.147462476146674099e-01,9.648119800169048521e-02,-4.883628273240865902e-01,5.091052747758945812e-02,5.783007696551355492e-01,1.362603619799220567e-01,3.420695632211736559e-01,-3.306659075612101151e-01,1.772008428929790214e-01,-1.192782805098395182e-01,2.770986651800493375e-02,1.673775332533825877e-01,3.617028112999694928e-02,3.007251360842781718e-03,-4.253634555351563381e-15,1.409152139090251526e-15,1.409152139090251526e-15,-1.281646693939076779e-15
-8.410065610067728181e-02,3.218594890745451326e-02,-2.152721630281668325e-02,-5.918708819946207067e-02,-3.996583853482165161e-01,3.819758667891259285e-01,-8.285378965208231583e-02,6.885151138410462446e-01,-9.068602803992037442e-02,3.161864661519138142e-01,1.941321115092337901e-01,5.920831916491852559e-02,-1.361445893102807836e-01,-5.546740252774470803e-02,1.460208590971646958e-01,2.303883362355825179e-02,3.136114156832231492e-02,7.374732002779202378e-02,-1.845356467143844867e-02,-4.755567788547489932e-03,-1.740231616643556425e-02,-1.571063756539235398e-02,2.571709085844678302e-03,-1.293149620695894196e-02,5.611486337350286326e-03,-1.096232029440872245e-02,-3.023112124385072229e-03,1.570756312182159439e-03,2.616815126150453044e-02,-1.272524847283978272e-02,2.920540927965888780e-15,-3.033749206388601271e-16,-3.033749206388601271e-16,2.806455034540663805e-16
-1.299338731149642101e-01,3.085820131864217691e-02,-4.053561439341393791e-02,-6.710016350694730791e-02,-3.643687500055414752e-01,4.210091008518712097e-01,4.890843283863812591e-02,-5.391865056182840732e-01,4.438816957940628916e-01,1.347511593344023241e-02,4.011142762584466448e-01,-4.956631345045466736e-02,7.842303288178023232e-03,-4.353875156303884525e-02,4.526650784702395541e-02,5.583132547486336847e-03,7.267486326157926446e-02,3.848295475088325118e-02,2.268026838838092807e-02,9.508124118697416222e-03,-3.938126581104314967e-03,-1.784145371679139030e-02,-4.263138959724160036e-03,2.654517516940243984e-03,2.060080907735481817e-02,-7.381908895505565060e-03,-2.727306682226842381e-03,-5.823979248793213423e-03,-2.361995926512414025e-04,6.777074293190958609e-03,-1.093673302281022150e-15,1.037633478781621786e-16,1.037633478781621786e-16,-8.699534060006934224e-17
-1.586909769712946047e-02,9.875049194273306102e-03,1.997704217731924390e-03,3.353924803283424468e-03,1.898329236857360797e-03,-6.877504948953528817e-04,3.179714426058650317e-03,1.579218083208559428e-02,5.428539852949997718e-02,8.058187628946271441e-02,-4.036476254978426520e-02,3.287157585092800177e-02,9.572018722338382357e-02,6.657507749540823513e-04,-1.014412415457090488e-01,-8.937559882970275149e-02,1.063526175830875470e-01,5.194368943304339403e-02,-1.317319473259584428e-01,-1.870473041154342014e-02,4.018481786894400054e-01,-2.768726705534753085e-01,-2.006611354388353752e-01,2.371000217885999850e-01,-4.955778977291980247e-01,5.473876947088589240e-02,-2.868894206731112950e-01,-4.899866498914597357e-01,1.490664552983258506e-01,-1.547647669462562901e-02,1.493316209124623879e-14,-2.619619107669875200e-15,-2.619619107669875200e-15,2.347527476265480969e-15
-1.574816455558395167e-01,1.919636616450837163e-02,-3.490761845019096227e-02,-5.443168847416274964e-02,-1.458270624734221976e-01,1.862613844367596726e-04,9.916592273991432782e-02,-1.605704538551985805e-02,4.024042376568742752e-01,3.745935051841411956e-01,-6.893895297525667321e-01,-2.585178463375487623e-01,1.445704594227443900e-02,7.667493582408375918e-02,1.847219774990863372e-01,-1.395926688981472680e-02,-1.663115324012447993e-01,-8.818717783531222765e-02,-3.710620964146791462e-02,-1.127951866512076073e-01,-3.798682354093969871e-02,3.467897246410697742e-02,3.248710181096108734e-02,-2.931242849337669168e-02,5.698641980113878895e-03,-1.366262999340655399e-03,-1.135652276027434605e-02,6.621102302308830984e-03,-5.407712530425124245e-03,1.468447724561616069e-02,5.463400488916605945e-16,8.166679816962821659e-17,8.166679816962821659e-17,-2.049507060322330276e-16
1.461945292919615905e-02,-3.206867258482986455e-02,-1.782986226908641822e-02,-6.749449408983826393e-02,-9.999931768048066216e-02,9.869316431939625933e-02,7.275865597201075508e-02,-7.430181682060137127e-02,-1.741151863449329207e-01,-4.188131340486773990e-02,-1.409866075314435141e-01,3.859010028818445903e-01,6.553404456654312593e-01,-2.922642982504701226e-01,4.018268270832446865e-01,1.698143367873956311e-01,-1.075455873950544872e-01,-1.859701438177992910e-02,1.143985960084222403e-01,1.086760520430359589e-01,5.371883009610024795e-02,1.061821276224133165e-01,8.756184127339061360e-03,-2.978989712461432154e-02,-2.858710373408816438e-02,1.143767294258313857e-03,2.331075702893957782e-02,-6.177000445104094406e-02,-1.237788049894649606e-02,-2.634128098353511437e-03,3.134658193293720554e-15,1.695072523461171191e-16,1.695072523461171191e-16,-2.471755941569312945e-16
-8.031920736884058665e-03,-6.752879030979805136e-04,2.427850644162410539e-03,-5.793036614010972814e-03,-4.914452608756582179e-03,1.167709238525102902e-02,4.439512443183939693e-03,9.815552796025163278e-04,3.250511337459894429e-02,5.476365150744125221e-02,-3.056069375887611461e-02,1.373624125170256338e-01,1.879339758208320166e-01,7.608197525730857336e-02,-7.703090082482479117e-02,-7.289209268613236481e-02,7.360097331332322163e-03,-1.034542756976622874e-01,-4.883399462673171931e-01,3.699498313551133344e-01,-4.546701073120037462e-01,-5.513730995416775693e-01,2.877898672379613706e-02,5.248589130103502309e-02,8.511079926906517379e-02,-2.454112263220760079e-02,-4.066539637298367815e-02,1.020913837173245409e-01,5.148718180563709168e-02,-2.263623108905456899e-02,-3.371532696954326066e-15,-6.921110991813435406e-16,-6.921110991813435406e-16,7.302247977310975765e-16
-1.055777398156982662e-02,6.067085022998163976e-03,-1.872295365385115762e-05,1.747283902338128561e-03,-1.770883690703630234e-02,1.864693013438835714e-03,-8.467906980511911985e-03,-2.122004606730642107e-03,1.515718225691427799e-02,4.077596387524592449e-03,-9.537337599737570268e-03,5.591988741239790027e-03,2.745672987464412712e-02,1.492397616323513573e-02,-3.184437294795768036e-02,-4.312199169472089727e-02,-2.981839833952924530e-03,2.550583120186747724e-02,-1.242644567382643478e-01,2.271658868975711884e-03,-8.864780558011741904e-03,1.262913588858699532e-01,-1.048327906340517091e-01,1.886083064668390985e-01,-1.892213369509109233e-01,-2.036667125911119924e-01,3.864956371616170561e-01,5.558187463011361740e-02,-4.894933037102223300e-02,-4.294067534851855328e-01,-2.667159541496593247e-02,-6.348404113140164728e-01,-6.348404113140164728e-01,4.257654727397483518e-01
-2.648520905957598131e-03,8.517261782551573818e-03,6.006293267109982792e-03,-2.674778505633205322e-02,-1.015517676953815451e-01,2.856669347092662126e-02,1.711456837943224618e-02,3.053450252027934200e-03,-3.609566546333985160e-02,7.099691127604486340e-02,-1.454399528711302902e-01,-1.910185350161500428e-01,7.888010967192683742e-02,-5.696816307712037064e-01,-5.962290027497330058e-01,4.319500451667110941e-01,9.281642612768732647e-02,1.256100794376040219e-01,3.530403456069333007e-02,-1.174858111688876529e-02,-1.395520791883139988e-01,9.164713959295232989e-04,3.809292494284377464e-03,-1.817911474343426696e-03,-1.528137377254528209e-02,-3.366118101860303413e-02,1.946805053364650826e-03,3.201398685604607205e-03,6.512390199068679442e-02,5.663539364610544434e-03,7.719242379087488249e-15,-7.352954217022360822e-16,-7.352954217022360822e-16,8.265346248337214310e-16
2.981938301713240036e-01,-1.281180765484671302e-01,-5.822715428798830653e-03,-6.470674433849744889e-02,-2.144938212192153415e-01,3.573723508500553092e-01,9.664339621364568395e-03,-3.699069099797971938e-01,-6.397599921718960525e-01,1.421452289618028997e-01,-2.481565574451322087e-01,-1.043982735633478126e-01,-1.981999761191891862e-01,1.481488562635660811e-01,-2.439946612384783636e-02,-4.474026873901814499e-02,-5.602646458982072156e-03,-7.545456439832366746e-02,-5.469899110556717542e-02,-1.734906718283688379e-02,2.716426501003210009e-02,-4.384070380336225342e-02,2.616442995038607833e-02,7.289851517996182376e-03,-1.642170844121313908e-02,1.742510410894227216e-02,8.182624546753834369e-03,-2.155916634358426634e-02,1.096161433075687995e-02,-1.872143112910811327e-02,3.807069885499131005e-15,-3.212502142689247383e-16,-3.212502142689247383e-16,2.881293875896853221e-16
1.476068253939886166e-01,5.165444784860758753e-01,3.225653779017161327e-01,-3.209970360662801614e-01,1.771634164248319515e-02,7.928780320784785743e-03,-4.471450342943500411e-02,-1.264692953350024865e-02,8.913766571430592131e-03,-1.932958041031523563e-02,-2.663127529090832807e-02,1.016492412699461848e-02,-1.499813842522293612e-02,1.925949115383813765e-03,1.456510257578786868e-02,-3.519389782194800188e-03,6.149780967236921723e-04,3.437226070746765474e-03,-2.613519889819111751e-04,2.545755942738119580e-03,1.699586739132625222e-03,-1.926394109209768075e-03,-1.732362848670084064e-04,-2.006619122113624456e-04,4.490171070242868212e-03,7.851516769268741380e-04,-2.405206468974677571e-04,-1.898378199719547802e-03,-1.497936502034327689e-04,-1.321563840024367548e-03,1.513431099180117222e-03,6.622543843117902583e-03,6.622543843117902583e-03,5.444191124235430168e-01
-1.476068253939886166e-01,-5.165444784860758753e-01,-3.225653779017161327e-01,3.209970360662801614e-01,-1.771634164248319515e-02,-7.928780320784785743e-03,4.471450342943500411e-02,1.264692953350024865e-02,-8.913766571430592131e-03,1.932958041031523563e-02,2.663127529090832807e-02,-1.016492412699461848e-02,1.499813842522293612e-02,-1.925949115383813765e-03,-1.456510257578785654e-02,3.519389782194815366e-03,-6.149780967236828481e-04,-3.437226070746812311e-03,2.613519889818804922e-04,-2.545755942738192005e-03,-1.699586739132615465e-03,1.926394109209594386e-03,1.732362848669280128e-04,2.006619122115036629e-04,-4.490171070243194340e-03,-7.851516769260673831e-04,2.405206468966315661e-04,1.898378199719388641e-03,1.497936502035858582e-04,1.321563840024834622e-03,1.513431099179798466e-03,6.622543843117955492e-03,6.622543843117955492e-03,5.444191124235430168e-01
-6.365315003682568869e-03,2.859192701032719497e-01,-6.200838235378771657e-01,-1.579289050082695878e-01,1.342893978723324645e-02,-4.450178555636249977e-02,-3.574777154878383545e-02,-1.675060860697550127e-02,-5.371042830746424607e-02,-2.688370062638459346e-02,-1.128694946739902151e-02,1.340437844802852725e-02,-2.751054875814773135e-02,-4.394132475226139936e-03,-6.874942879014930494e-03,-7.731719654898449451e-03,6.767162849567976909e-03,4.022703397872951468e-03,-5.598361328726406821e-03,3.942981518637340456e-03,4.972771506426020872e-03,-9.675137503107790124e-03,-1.904077498043470510e-03,-3.027417814016803745e-03,2.103971773017401445e-03,3.864883503729774745e-04,3.309759575314076335e-04,5.306947822656196429e-04,1.321542343321965732e-04,-1.469149315152007028e-03,-7.066018666837541318e-01,2.212405264324816996e-03,2.212405264324816996e-03,1.201697694825376757e-02
6.365315003682410142e-03,-2.859192701032720607e-01,6.200838235378771657e-01,1.579289050082697266e-01,-1.342893978723326553e-02,4.450178555636234018e-02,3.574777154878390484e-02,1.675060860697543189e-02,5.371042830746478730e-02,2.688370062638439917e-02,1.128694946739888100e-02,-1.340437844802600670e-02,2.751054875814482048e-02,4.394132475222485741e-03,6.874942879015247948e-03,7.731719654897613314e-03,-6.767162849569986587e-03,-4.022703397866432377e-03,5.598361328727581229e-03,-3.942981518643274078e-03,-4.972771506445099361e-03,9.675137503117913970e-03,1.904077498067346594e-03,3.027417813988992658e-03,-2.103971773020151415e-03,-3.864883502915783401e-04,-3.309759574978748324e-04,-5.306947823026385335e-04,-1.321542342121520010e-04,1.469149315095882652e-03,-7.066018666837539097e-01,2.212405264324849522e-03,2.212405264324849522e-03,1.201697694825371900e-02
6.290787042005524521e-01,-1.054469589143002539e-01,-9.292414767965652411e-02,2.211481884407019011e-02,2.553685427800876998e-02,2.635692988857625541e-02,-2.306295573342399471e-02,8.727192712418881115e-02,2.392002888296940744e-01,5.748760795441625743e-02,4.534415067322363629e-02,-5.257405275453476412e-02,8.746079805201875668e-02,-3.555551513039242276e-03,1.565322175967799601e-02,7.893610826315211257e-03,-5.623596808685498577e-03,1.296105707184854600e-02,1.597470343490301446e-03,-1.438970563628897206e-02,-1.620380047557104172e-02,2.145314990781659395e-02,-4.795842716505512721e-03,2.012292338898977618e-03,7.773551175610604689e-04,-5.415979242598473013e-03,-4.621678335927486940e-03,3.570880403127235712e-04,5.029823998607752585e-04,5.909643340795025352e-05,3.708414250153796703e-04,1.283017592412743768e-01,1.283017592412743768e-01,-1.489536320996747432e-01
-6.290787042005524521e-01,1.054469589143002539e-01,9.292414767965652411e-02,-2.211481884407020398e-02,-2.553685427800875610e-02,-2.635692988857624847e-02,2.306295573342396349e-02,-8.727192712418881115e-02,-2.392002888296941299e-01,-5.748760795441620886e-02,-4.534415067322368487e-02,5.257405275453475024e-02,-8.746079805201875668e-02,3.555551513039228399e-03,-1.565322175967799601e-02,-7.893610826315221665e-03,5.623596808685496842e-03,-1.296105707184857722e-02,-1.597470343490314457e-03,1.438970563628893043e-02,1.620380047557102784e-02,-2.145314990781662864e-02,4.795842716505610732e-03,-2.012292338899118564e-03,-7.773551175610116798e-04,5.415979242599204199e-03,4.621678335928378588e-03,-3.570880403124497018e-04,-5.029823998606826677e-04,-5.909643340799879867e-05,3.708414250154080222e-04,1.283017592412744046e-01,1.283017592412744046e-01,-1.489536320996746599e-01
