 (1.143974616029139564e-09+0.000000000000000000e+00j), (-1.553890143393227739e-09+0.000000000000000000e+00j), (-1.062305433408884500e-05+0.000000000000000000e+00j), (8.980230447576888924e-05+0.000000000000000000e+00j), (4.748367766087211589e-02+0.000000000000000000e+00j), (2.547269653515084331e-02+0.000000000000000000e+00j), (-9.985056863974507424e-01+0.000000000000000000e+00j), (5.343993744168443888e-03+0.000000000000000000e+00j), (6.428068315817474059e-03+0.000000000000000000e+00j), (1.760012608878493883e-03+0.000000000000000000e+00j), (3.006715811217127408e-03+0.000000000000000000e+00j), (-4.916119427350387761e-04+0.000000000000000000e+00j), (-8.035082053433564462e-04+0.000000000000000000e+00j), (1.365306493166819877e-04+0.000000000000000000e+00j), (-1.351387765983711202e-04+0.000000000000000000e+00j), (-5.500416506738865404e-06+0.000000000000000000e+00j), (7.082525628686397806e-05+0.000000000000000000e+00j), (8.707217113986841632e-06+5.947875145462563201e-06j), (8.707217113986841632e-06-5.947875145462563201e-06j), (8.531513857843783249e-07+0.000000000000000000e+00j), (0.000000000000000000e+00+0.000000000000000000e+00j)
 (-6.830119877867281124e-10+0.000000000000000000e+00j), (-1.369305373023408576e-09+0.000000000000000000e+00j), (-1.084932622054347695e-05+0.000000000000000000e+00j), (1.540001595548699429e-05+0.000000000000000000e+00j), (6.977622693214102605e-03+0.000000000000000000e+00j), (-1.605215886943011120e-03+0.000000000000000000e+00j), (6.072674865044310182e-04+0.000000000000000000e+00j), (1.313255154842512444e-03+0.000000000000000000e+00j), (9.298806590692468852e-04+0.000000000000000000e+00j), (7.026885510214284959e-03+0.000000000000000000e+00j), (-2.575697435752608705e-02+0.000000000000000000e+00j), (-9.873847384041443132e-01+0.000000000000000000e+00j), (-3.226466913704245654e-02+0.000000000000000000e+00j), (-1.410068917626972756e-02+0.000000000000000000e+00j), (-2.911371279585056593e-01+0.000000000000000000e+00j), (-2.946434848169747836e-02+0.000000000000000000e+00j), (-1.653087890059260585e-03+0.000000000000000000e+00j), (2.891042924036996142e-02+1.224520679669564708e-04j), (2.891042924036996142e-02-1.224520679669564708e-04j), (-6.031875828950259997e-07+0.000000000000000000e+00j), (0.000000000000000000e+00+0.000000000000000000e+00j)
 (6.732870498858531585e-10+0.000000000000000000e+00j), (1.353501976721652511e-09+0.000000000000000000e+00j), (1.066895194645492849e-05+0.000000000000000000e+00j), (-1.515959299266091405e-05+0.000000000000000000e+00j), (-6.818152778170862016e-03+0.000000000000000000e+00j), (1.538347814039253995e-03+0.000000000000000000e+00j), (-4.514707502767748297e-04+0.000000000000000000e+00j), (-2.056955925566587417e-03+0.000000000000000000e+00j), (-4.302571596968636134e-04+0.000000000000000000e+00j), (-2.854137252788596993e-03+0.000000000000000000e+00j), (2.852454539909458908e-02+0.000000000000000000e+00j), (6.580113243864632588e-02+0.000000000000000000e+00j), (1.478654551119337746e-01+0.000000000000000000e+00j), (8.974668662428286758e-02+0.000000000000000000e+00j), (4.511901908061695110e-01+0.000000000000000000e+00j), (-1.960173190065149160e-02+0.000000000000000000e+00j), (-5.560497588444268321e-04+0.000000000000000000e+00j), (1.192827569375145592e-02-5.731289433345813667e-05j), (1.192827569375145592e-02+5.731289433345813667e-05j), (-5.215607018246509435e-08+0.000000000000000000e+00j), (0.000000000000000000e+00+0.000000000000000000e+00j)
 (-1.395967409637067559e-06+0.000000000000000000e+00j), (-7.563415734261015727e-06+0.000000000000000000e+00j), (2.181060130120943353e-07+0.000000000000000000e+00j), (-1.187495189354935264e-06+0.000000000000000000e+00j), (-7.299952381424948660e-04+0.000000000000000000e+00j), (3.174476606816348332e-03+0.000000000000000000e+00j), (1.962275996185681558e-03+0.000000000000000000e+00j), (-4.513057754385978448e-01+0.000000000000000000e+00j), (6.801413769522245412e-01+0.000000000000000000e+00j), (5.531642502570219624e-03+0.000000000000000000e+00j), (-1.700226484056904797e-02+0.000000000000000000e+00j), (8.552987106747288052e-04+0.000000000000000000e+00j), (6.229522860469235285e-03+0.000000000000000000e+00j), (-4.900513300847883502e-03+0.000000000000000000e+00j), (1.229142211716584060e-03+0.000000000000000000e+00j), (2.096140674751762606e-02+0.000000000000000000e+00j), (-1.849732315162819652e-03+0.000000000000000000e+00j), (1.811685495896465103e-01-3.217787262367258899e-02j), (1.811685495896465103e-01+3.217787262367258899e-02j), (-1.040462342612711233e-03+0.000000000000000000e+00j), (0.000000000000000000e+00+0.000000000000000000e+00j)
 (1.190580865535250456e-12+0.000000000000000000e+00j), (8.352959822504228761e-12+0.000000000000000000e+00j), (3.794793051277209490e-09+0.000000000000000000e+00j), (9.510375663136371195e-09+0.000000000000000000e+00j), (-1.807272776047292020e-05+0.000000000000000000e+00j), (-1.813211987122203379e-05+0.000000000000000000e+00j), (-8.396838695971805904e-05+0.000000000000000000e+00j), (-2.181869504519590131e-04+0.000000000000000000e+00j), (-6.808594519511630390e-05+0.000000000000000000e+00j), (-2.116180654498546997e-03+0.000000000000000000e+00j), (-1.618988096774801738e-03+0.000000000000000000e+00j), (7.796765148698689689e-05+0.000000000000000000e+00j), (-6.442978827880062711e-04+0.000000000000000000e+00j), (3.872901613709872192e-03+0.000000000000000000e+00j), (-9.161959700063953757e-04+0.000000000000000000e+00j), (1.523162350520789040e-03+0.000000000000000000e+00j), (-9.414755745850584834e-01+0.000000000000000000e+00j), (-4.190646872102954390e-02-1.061229718488859997e-01j), (-4.190646872102954390e-02+1.061229718488859997e-01j), (-5.635958073021382934e-05+0.000000000000000000e+00j), (0.000000000000000000e+00+0.000000000000000000e+00j)
 (6.771614775470681877e-08+0.000000000000000000e+00j), (1.375604031268394004e-07+0.000000000000000000e+00j), (1.068372993479277519e-03+0.000000000000000000e+00j), (-1.492064666312535939e-03+0.000000000000000000e+00j), (-6.955472154838202581e-01+0.000000000000000000e+00j), (1.138232656654800667e-01+0.000000000000000000e+00j), (-3.285816465889448285e-02+0.000000000000000000e+00j), (-2.376310034005293947e-02+0.000000000000000000e+00j), (-2.571651860810556661e-02+0.000000000000000000e+00j), (-4.877853405889909233e-01+0.000000000000000000e+00j), (-5.120775300534107233e-01+0.000000000000000000e+00j), (6.918885794383356456e-03+0.000000000000000000e+00j), (-1.880527827125975590e-02+0.000000000000000000e+00j), (-1.422605273347793235e-02+0.000000000000000000e+00j), (8.603741103329969400e-03+0.000000000000000000e+00j), (1.116249746465172110e-05+0.000000000000000000e+00j), (1.983157986363292408e-03+0.000000000000000000e+00j), (-1.018442181899830991e-04-2.959843097289593421e-05j), (-1.018442181899830991e-04+2.959843097289593421e-05j), (-1.467930664804086064e-06+0.000000000000000000e+00j), (0.000000000000000000e+00+0.000000000000000000e+00j)
 (6.785402238822273529e-08+0.000000000000000000e+00j), (1.382672936879779547e-07+0.000000000000000000e+00j), (1.068107253947522730e-03+0.000000000000000000e+00j), (-1.510406405074979797e-03+0.000000000000000000e+00j), (-6.975082677544984788e-01+0.000000000000000000e+00j), (1.157220542212945014e-01+0.000000000000000000e+00j), (-2.793521409332694674e-02+0.000000000000000000e+00j), (-1.713146969596733224e-02+0.000000000000000000e+00j), (-3.823074195742215929e-03+0.000000000000000000e+00j), (4.887787709859259255e-01+0.000000000000000000e+00j), (5.091025685992262018e-01+0.000000000000000000e+00j), (-1.909456576837199188e-02+0.000000000000000000e+00j), (6.306216665970467046e-03+0.000000000000000000e+00j), (8.538883570591272731e-03+0.000000000000000000e+00j), (-1.426706186229466378e-02+0.000000000000000000e+00j), (-9.111051624658268689e-05+0.000000000000000000e+00j), (-1.962922833125566556e-03+0.000000000000000000e+00j), (2.270996081989235177e-04+3.363546729532311568e-05j), (2.270996081989235177e-04-3.363546729532311568e-05j), (-9.997616519961687390e-03+0.000000000000000000e+00j), (0.000000000000000000e+00+0.000000000000000000e+00j)
 (-6.785420364588121954e-10+0.000000000000000000e+00j), (-1.382641552985485053e-09+0.000000000000000000e+00j), (-1.068118550087897692e-05+0.000000000000000000e+00j), (1.510414635528809926e-05+0.000000000000000000e+00j), (6.974958548106641523e-03+0.000000000000000000e+00j), (-1.157155023535968953e-03+0.000000000000000000e+00j), (2.786408241938021033e-04+0.000000000000000000e+00j), (1.677092711662009740e-04+0.000000000000000000e+00j), (5.612606787306354461e-05+0.000000000000000000e+00j), (-4.894496834114089347e-03+0.000000000000000000e+00j), (-5.077979422300739343e-03+0.000000000000000000e+00j), (1.853483089363969737e-04+0.000000000000000000e+00j), (-9.317239782852085349e-05+0.000000000000000000e+00j), (-1.417347584052654501e-04+0.000000000000000000e+00j), (1.378308784731778545e-04+0.000000000000000000e+00j), (-1.355118519009051222e-04+0.000000000000000000e+00j), (3.874442084478550317e-04+0.000000000000000000e+00j), (-1.299225668424946458e-03-4.831468826398950767e-05j), (-1.299225668424946458e-03+4.831468826398950767e-05j), (-9.999479405919713404e-01+0.000000000000000000e+00j), (0.000000000000000000e+00+0.000000000000000000e+00j)
 (-1.275567177634440128e-06+0.000000000000000000e+00j), (-5.158351646983723484e-06+0.000000000000000000e+00j), (-7.607317193888191685e-03+0.000000000000000000e+00j), (8.083101465006138284e-03+0.000000000000000000e+00j), (-1.143171719568240319e-01+0.000000000000000000e+00j), (-6.957972362067330607e-01+0.000000000000000000e+00j), (-2.221706469408442006e-02+0.000000000000000000e+00j), (-2.268865880161609339e-01+0.000000000000000000e+00j), (3.424506119337089038e-01+0.000000000000000000e+00j), (3.670599097730456624e-03+0.000000000000000000e+00j), (-8.225887497557744441e-03+0.000000000000000000e+00j), (1.183439591593034865e-03+0.000000000000000000e+00j), (3.252366594381894422e-03+0.000000000000000000e+00j), (-2.333506137278791581e-03+0.000000000000000000e+00j), (-1.345465384100831335e-03+0.000000000000000000e+00j), (-2.092990159423391630e-02+0.000000000000000000e+00j), (1.967371883812934173e-03+0.000000000000000000e+00j), (-1.812041692219045208e-01+3.215154530873302191e-02j), (-1.812041692219045208e-01-3.215154530873302191e-02j), (1.061027777830573149e-03+0.000000000000000000e+00j), (0.000000000000000000e+00+0.000000000000000000e+00j)
 (-1.204002320026261072e-07+0.000000000000000000e+00j), (-2.405064087277249891e-06+0.000000000000000000e+00j), (7.607535299902545844e-03+0.000000000000000000e+00j), (-8.084288960206475333e-03+0.000000000000000000e+00j), (1.135871767592677439e-01+0.000000000000000000e+00j), (6.989717127904141458e-01+0.000000000000000000e+00j), (2.417934070162705215e-02+0.000000000000000000e+00j), (-2.244191474565687960e-01+0.000000000000000000e+00j), (3.376907189230548556e-01+0.000000000000000000e+00j), (1.860350724822523163e-03+0.000000000000000000e+00j), (-8.783901930660737919e-03+0.000000000000000000e+00j), (4.398692633795172648e-04+0.000000000000000000e+00j), (2.592583706965962201e-03+0.000000000000000000e+00j), (-2.960669162396433081e-03+0.000000000000000000e+00j), (-1.653141625364750334e-03+0.000000000000000000e+00j), (-2.093505676736701071e-02+0.000000000000000000e+00j), (1.929504276298390272e-03+0.000000000000000000e+00j), (-1.811942579173962675e-01+3.215589936158697038e-02j), (-1.811942579173962675e-01-3.215589936158697038e-02j), (1.060993041458363310e-03+0.000000000000000000e+00j), (0.000000000000000000e+00+0.000000000000000000e+00j)
 (0.000000000000000000e+00+0.000000000000000000e+00j), (0.000000000000000000e+00+0.000000000000000000e+00j), (0.000000000000000000e+00+0.000000000000000000e+00j), (0.000000000000000000e+00+0.000000000000000000e+00j), (0.000000000000000000e+00+0.000000000000000000e+00j), (0.000000000000000000e+00+0.000000000000000000e+00j), (0.000000000000000000e+00+0.000000000000000000e+00j), (0.000000000000000000e+00+0.000000000000000000e+00j), (0.000000000000000000e+00+0.000000000000000000e+00j), (0.000000000000000000e+00+0.000000000000000000e+00j), (0.000000000000000000e+00+0.000000000000000000e+00j), (0.000000000000000000e+00+0.000000000000000000e+00j), (0.000000000000000000e+00+0.000000000000000000e+00j), (0.000000000000000000e+00+0.000000000000000000e+00j), (0.000000000000000000e+00+0.000000000000000000e+00j), (0.000000000000000000e+00+0.000000000000000000e+00j), (0.000000000000000000e+00+0.000000000000000000e+00j), (0.000000000000000000e+00+0.000000000000000000e+00j), (0.000000000000000000e+00-0.000000000000000000e+00j), (0.000000000000000000e+00+0.000000000000000000e+00j), (1.000000000000000000e+00+0.000000000000000000e+00j)
 (-1.260562404660902508e-04+0.000000000000000000e+00j), (-6.829074251895229800e-04+0.000000000000000000e+00j), (1.319026449558638355e-07+0.000000000000000000e+00j), (3.305395844110089405e-07+0.000000000000000000e+00j), (-1.545786770792164505e-08+0.000000000000000000e+00j), (1.046701254826929519e-08+0.000000000000000000e+00j), (-1.258613335068496808e-08+0.000000000000000000e+00j), (-3.766730650596524101e-06+0.000000000000000000e+00j), (-1.312329027306650349e-06+0.000000000000000000e+00j), (-2.319786853867140518e-04+0.000000000000000000e+00j), (2.083362591498418015e-03+0.000000000000000000e+00j), (4.880780537598844449e-02+0.000000000000000000e+00j), (4.686989572445598995e-02+0.000000000000000000e+00j), (4.535284183477467784e-02+0.000000000000000000e+00j), (8.289688238644875584e-01+0.000000000000000000e+00j), (9.987051270716005291e-01+0.000000000000000000e+00j), (4.898406787052182743e-02+0.000000000000000000e+00j), (-8.843237110473659568e-01+0.000000000000000000e+00j), (-8.843237110473659568e-01-0.000000000000000000e+00j), (-2.661203695895736061e-05+0.000000000000000000e+00j), (0.000000000000000000e+00+0.000000000000000000e+00j)
 (-1.119871600213578829e-04+0.000000000000000000e+00j), (-4.492061064682802726e-04+0.000000000000000000e+00j), (-7.358514068558822396e-01+0.000000000000000000e+00j), (-6.771427859380605430e-01+0.000000000000000000e+00j), (3.524404476564099676e-04+0.000000000000000000e+00j), (1.214825141683093966e-04+0.000000000000000000e+00j), (-3.325497391909758077e-05+0.000000000000000000e+00j), (-7.157768096482611413e-07+0.000000000000000000e+00j), (-1.626329062128052923e-06+0.000000000000000000e+00j), (-5.908426536488400635e-06+0.000000000000000000e+00j), (-6.045691853731209211e-06+0.000000000000000000e+00j), (-4.778568431262579916e-08+0.000000000000000000e+00j), (6.540519264777793982e-08+0.000000000000000000e+00j), (-4.554019223845892204e-07+0.000000000000000000e+00j), (-2.150155509282339592e-08+0.000000000000000000e+00j), (-7.678649182386928730e-10+0.000000000000000000e+00j), (6.048335020659839872e-09+0.000000000000000000e+00j), (1.086578359933500799e-09-2.476456261290205374e-11j), (1.086578359933500799e-09+2.476456261290205374e-11j), (-2.578625414331139806e-11+0.000000000000000000e+00j), (0.000000000000000000e+00+0.000000000000000000e+00j)
 (-1.239097638200554353e-05+0.000000000000000000e+00j), (-2.231511140705380548e-04+0.000000000000000000e+00j), (6.770558608726252592e-01+0.000000000000000000e+00j), (-7.357596126458003649e-01+0.000000000000000000e+00j), (2.369660968505493573e-05+0.000000000000000000e+00j), (-1.590189897188297799e-02+0.000000000000000000e+00j), (-4.775674201180294797e-04+0.000000000000000000e+00j), (-1.603173163750990076e-05+0.000000000000000000e+00j), (6.341951495146334438e-05+0.000000000000000000e+00j), (1.553918255275754608e-05+0.000000000000000000e+00j), (2.723140880329578277e-06+0.000000000000000000e+00j), (8.099626197298978467e-06+0.000000000000000000e+00j), (6.398854930039273144e-06+0.000000000000000000e+00j), (7.256871748148433563e-06+0.000000000000000000e+00j), (3.375358021559937468e-06+0.000000000000000000e+00j), (5.885252204920132899e-08+0.000000000000000000e+00j), (3.851226792817225500e-07+0.000000000000000000e+00j), (-1.105072692851118405e-07-4.741512704686192131e-08j), (-1.105072692851118405e-07+4.741512704686192131e-08j), (5.539636542378561843e-12+0.000000000000000000e+00j), (0.000000000000000000e+00+0.000000000000000000e+00j)
 (-1.815209862711701372e-01+0.000000000000000000e+00j), (-9.833866922729154192e-01+0.000000000000000000e+00j), (1.899398083654348644e-04+0.000000000000000000e+00j), (4.759771761154769519e-04+0.000000000000000000e+00j), (-3.368638147099566178e-08+0.000000000000000000e+00j), (5.500990333504811219e-06+0.000000000000000000e+00j), (1.586548921050211987e-07+0.000000000000000000e+00j), (5.216724378517865444e-06+0.000000000000000000e+00j), (-7.866310041510139010e-06+0.000000000000000000e+00j), (9.436942339541779873e-08+0.000000000000000000e+00j), (-1.249359985669472882e-06+0.000000000000000000e+00j), (-3.391000008646972324e-05+0.000000000000000000e+00j), (-3.262124110554340619e-05+0.000000000000000000e+00j), (-3.143934278116426755e-05+0.000000000000000000e+00j), (-5.756719198851734977e-04+0.000000000000000000e+00j), (-6.935454704598655647e-04+0.000000000000000000e+00j), (-3.401762290672841199e-05+0.000000000000000000e+00j), (6.141139634193118913e-04+2.030953046472441483e-10j), (6.141139634193118913e-04-2.030953046472441483e-10j), (1.832249046432878840e-08+0.000000000000000000e+00j), (0.000000000000000000e+00+0.000000000000000000e+00j)
 (-9.833870565320179669e-01+0.000000000000000000e+00j), (1.815210605571730973e-01+0.000000000000000000e+00j), (4.021547792051084487e-05+0.000000000000000000e+00j), (-1.486037261377750861e-06+0.000000000000000000e+00j), (5.097890962121704413e-09+0.000000000000000000e+00j), (-5.602289165286891878e-10+0.000000000000000000e+00j), (-1.740897956490613115e-09+0.000000000000000000e+00j), (2.716590036961901988e-11+0.000000000000000000e+00j), (2.254859085472221918e-10+0.000000000000000000e+00j), (2.362204002034224836e-11+0.000000000000000000e+00j), (-1.716337111933716883e-11+0.000000000000000000e+00j), (-1.408584100809881093e-12+0.000000000000000000e+00j), (-2.000661392048310590e-11+0.000000000000000000e+00j), (1.126989924948809662e-11+0.000000000000000000e+00j), (1.451818522676085470e-12+0.000000000000000000e+00j), (-6.406835975530763493e-15+0.000000000000000000e+00j), (5.712992068410377591e-13+0.000000000000000000e+00j), (-8.715151935256005156e-16+2.112830109258528216e-14j), (-8.715151935256005156e-16-2.112830109258528216e-14j), (7.061891122846300720e-15+0.000000000000000000e+00j), (0.000000000000000000e+00+0.000000000000000000e+00j)
 (4.833889040995337753e-10+0.000000000000000000e+00j), (1.014462544021191695e-09+0.000000000000000000e+00j), (8.076852198951043661e-06+0.000000000000000000e+00j), (-1.065168627208824324e-05+0.000000000000000000e+00j), (-4.955918555671423933e-03+0.000000000000000000e+00j), (7.497457341748536277e-04+0.000000000000000000e+00j), (-5.884297881455803885e-04+0.000000000000000000e+00j), (2.499869840576424834e-02+0.000000000000000000e+00j), (9.035604625543740970e-03+0.000000000000000000e+00j), (-1.293428300791446550e-01+0.000000000000000000e+00j), (1.162488145554551461e-01+0.000000000000000000e+00j), (5.258840054702141470e-02+0.000000000000000000e+00j), (7.608738074702997567e-01+0.000000000000000000e+00j), (-6.175728562718549863e-01+0.000000000000000000e+00j), (-3.139861859685520729e-02+0.000000000000000000e+00j), (4.755168254466609398e-04+0.000000000000000000e+00j), (-2.801249558225503596e-03+0.000000000000000000e+00j), (-1.025863035504882088e-04-1.457040927319460907e-04j), (-1.025863035504882088e-04+1.457040927319460907e-04j), (1.339106231834063207e-05+0.000000000000000000e+00j), (0.000000000000000000e+00+0.000000000000000000e+00j)
 (-7.282909878705675871e-10+0.000000000000000000e+00j), (-1.512879362984819299e-09+0.000000000000000000e+00j), (-1.129548149019245952e-05+0.000000000000000000e+00j), (1.572914325264688804e-05+0.000000000000000000e+00j), (7.118052945378709924e-03+0.000000000000000000e+00j), (-1.818929242329862719e-03+0.000000000000000000e+00j), (8.438855512234384780e-04+0.000000000000000000e+00j), (-5.846821195155707009e-03+0.000000000000000000e+00j), (8.909723491396344874e-05+0.000000000000000000e+00j), (-8.698645198142483659e-02+0.000000000000000000e+00j), (1.201780723620967661e-01+0.000000000000000000e+00j), (-1.209015624185133253e-01+0.000000000000000000e+00j), (-6.268612216009420424e-01+0.000000000000000000e+00j), (-7.478042286153615548e-01+0.000000000000000000e+00j), (1.488027187511185567e-01+0.000000000000000000e+00j), (2.711951814829909047e-03+0.000000000000000000e+00j), (-2.477106912348005924e-03+0.000000000000000000e+00j), (-3.616696825914313042e-03-5.348619015647393008e-05j), (-3.616696825914313042e-03+5.348619015647393008e-05j), (6.234235907783336537e-05+0.000000000000000000e+00j), (0.000000000000000000e+00+0.000000000000000000e+00j)
 (3.511512616331251133e-13+0.000000000000000000e+00j), (3.871372073041579499e-12+0.000000000000000000e+00j), (-4.830067851756597633e-09+0.000000000000000000e+00j), (8.015430571281193328e-09+0.000000000000000000e+00j), (-7.844967011876740232e-06+0.000000000000000000e+00j), (-1.763767471513086362e-05+0.000000000000000000e+00j), (-9.517967535584330595e-06+0.000000000000000000e+00j), (-6.522024626495850116e-05+0.000000000000000000e+00j), (8.215149500336268768e-05+0.000000000000000000e+00j), (-1.618390077139212702e-03+0.000000000000000000e+00j), (5.705593933463001219e-05+0.000000000000000000e+00j), (3.554679991545730330e-04+0.000000000000000000e+00j), (1.702387232510823342e-04+0.000000000000000000e+00j), (1.320552086091718617e-03+0.000000000000000000e+00j), (2.056967345086168231e-03+0.000000000000000000e+00j), (-3.029475733211408044e-03+0.000000000000000000e+00j), (-3.334449541732024125e-01+0.000000000000000000e+00j), (1.149752212780028593e-01+2.985775795508400776e-01j), (1.149752212780028593e-01-2.985775795508400776e-01j), (-9.064797297602103423e-04+0.000000000000000000e+00j), (0.000000000000000000e+00+0.000000000000000000e+00j)
 (-3.013920037576408412e-09+0.000000000000000000e+00j), (-6.777943528710808486e-09+0.000000000000000000e+00j), (-4.176694281615540784e-05+0.000000000000000000e+00j), (6.480230392867383446e-05+0.000000000000000000e+00j), (3.480692448219253887e-02+0.000000000000000000e+00j), (-5.931232053075370311e-03+0.000000000000000000e+00j), (-6.317821321807751828e-03+0.000000000000000000e+00j), (-8.278369383139414506e-01+0.000000000000000000e+00j), (-5.463850961589217237e-01+0.000000000000000000e+00j), (-7.789284112553437889e-02+0.000000000000000000e+00j), (9.059987446253153776e-02+0.000000000000000000e+00j), (-2.514846579363390865e-03+0.000000000000000000e+00j), (1.738577432428887667e-02+0.000000000000000000e+00j), (1.396120714446095513e-02+0.000000000000000000e+00j), (-6.752374049867657969e-03+0.000000000000000000e+00j), (-8.266585150978533942e-05+0.000000000000000000e+00j), (3.092574231567501021e-04+0.000000000000000000e+00j), (1.309413444234738507e-04-1.618754694579903493e-05j), (1.309413444234738507e-04+1.618754694579903493e-05j), (-6.282654029992764122e-06+0.000000000000000000e+00j), (0.000000000000000000e+00+0.000000000000000000e+00j)
 (4.260045834163202010e-10+0.000000000000000000e+00j), (8.029002292760781832e-10+0.000000000000000000e+00j), (7.335363306157677495e-06+0.000000000000000000e+00j), (-1.148107668030973303e-05+0.000000000000000000e+00j), (-6.316086318538377369e-03+0.000000000000000000e+00j), (5.171080253707323804e-04+0.000000000000000000e+00j), (1.552493610749180672e-03+0.000000000000000000e+00j), (8.726818641266401166e-02+0.000000000000000000e+00j), (8.224109066024223869e-02+0.000000000000000000e+00j), (-7.018960090983973332e-01+0.000000000000000000e+00j), (6.636817934981725786e-01+0.000000000000000000e+00j), (-2.356112665424069108e-02+0.000000000000000000e+00j), (-4.755198511781925236e-02+0.000000000000000000e+00j), (2.203570015922306224e-01+0.000000000000000000e+00j), (-3.185106015654601275e-02+0.000000000000000000e+00j), (-6.182850787646368418e-04+0.000000000000000000e+00j), (1.639568684802123312e-03+0.000000000000000000e+00j), (7.141435459449693365e-04-2.875123206402546033e-04j), (7.141435459449693365e-04+2.875123206402546033e-04j), (4.797329708869944749e-06+0.000000000000000000e+00j), (0.000000000000000000e+00+0.000000000000000000e+00j)
