,1,2,3,4,5,6,7,8,9,10,11,12,13,14,15,16,17,18,19,20,21,22,23,24,25,26,27,28,29,30,31,32,33,34,35,36,37,38,39,40,41,42,43,44,45,46,47,48,49,50,51,52,53,54,55,56,57,58,59,60,61,62,63,64,65,66,67,68,69,70,71,72,73,74,75,76,77,78,79,80,81,82,83,84,85,86,87,88,89,90,91,92,93,94,95,96,97,98,99,100
0,267,82,192,135,245,78,130,90,230,38,289,42,143,143,160,222,306,174,248,42,144,214,272,248,220,136,206,191,5,254,57,0,168,301,17,278,78,291,4,106,204,153,126,118,21,33,54,64,247,184,51,40,49,186,290,65,180,230,163,153,105,186,176,225,166,215,50,263,35,159,172,128,48,228,235,50,219,184,176,130,266,232,285,241,137,18,109,270,100,264,131,15,221,236,193,116,222,238,140,83
1,203,58,263,220,47,179,201,57,296,97,169,83,254,49,271,214,308,145,95,143,93,187,171,176,189,98,288,156,150,154,177,118,132,100,3,284,119,195,203,49,202,141,26,200,12,295,82,179,261,129,94,120,268,214,178,291,74,92,111,82,12,174,199,58,218,15,283,82,91,231,19,295,283,294,202,190,102,12,95,40,177,142,211,188,238,246,50,188,298,101,153,46,163,5,198,100,268,75,133,254
2,223,122,214,82,69,197,183,284,248,307,39,97,285,21,65,207,56,98,80,111,8,225,168,215,249,180,159,2,68,157,76,272,275,168,160,11,292,299,67,115,288,38,175,153,222,276,269,256,221,307,14,183,54,177,289,200,207,179,90,172,302,102,130,156,157,177,207,38,39,34,149,201,266,156,292,74,0,185,281,187,7,74,228,165,275,156,267,227,155,265,174,24,114,228,196,187,95,226,137,300
3,107,52,174,292,174,31,178,4,244,161,248,214,202,129,166,219,6,95,169,270,131,228,198,92,123,194,265,150,92,32,220,184,271,265,233,305,185,177,23,218,225,241,117,224,129,47,224,286,99,181,207,222,109,69,160,101,95,204,39,250,239,113,281,171,228,24,40,83,98,249,181,83,236,272,42,247,69,82,284,136,135,37,274,47,143,53,112,280,91,59,213,80,72,299,74,186,128,0,189,143
4,49,132,66,259,141,194,294,103,279,269,88,56,225,114,136,251,91,168,301,172,307,92,65,227,86,289,16,222,279,110,280,305,243,244,112,179,15,78,211,198,102,14,98,212,15,143,293,121,156,64,277,138,22,111,270,19,210,231,45,217,272,25,79,292,28,54,224,55,152,58,243,130,167,281,232,104,161,132,218,154,85,149,103,111,262,306,280,22,162,91,269,158,260,230,211,95,105,139,57,7
5,306,264,271,14,190,272,124,213,206,285,103,240,292,72,35,126,128,30,17,65,80,182,177,199,87,97,260,259,241,231,245,10,216,10,50,15,86,206,188,89,241,206,244,180,165,50,134,41,276,90,38,301,289,105,236,78,284,222,173,0,292,306,139,95,242,92,72,98,209,85,253,179,121,96,175,62,278,196,140,10,259,101,221,89,180,58,308,220,221,200,83,104,7,197,146,73,186,177,190,304
6,113,243,87,175,0,95,109,224,155,189,55,30,294,307,186,89,87,296,289,95,48,286,105,257,83,208,307,141,77,259,25,189,297,211,218,103,155,67,289,114,7,44,14,98,177,94,81,283,272,254,122,189,80,254,103,258,36,18,233,207,37,118,211,218,98,306,166,296,94,10,158,171,13,285,36,290,53,88,179,244,117,127,138,281,47,247,185,241,98,162,68,200,90,185,45,37,76,281,44,70
7,170,290,279,72,173,241,154,231,128,115,70,168,182,197,203,146,98,40,66,9,148,67,141,209,64,125,137,165,281,216,162,24,199,174,124,201,186,294,51,136,164,299,169,253,10,176,135,249,162,166,295,173,134,278,261,52,87,139,127,187,244,59,284,12,274,131,269,284,230,42,120,37,188,76,199,57,220,181,102,30,307,235,93,16,113,27,228,195,226,218,60,197,274,174,129,261,174,214,117,298
8,7,145,170,92,136,188,79,65,78,298,172,61,210,53,302,53,252,297,96,234,164,185,196,107,8,217,186,113,212,45,144,270,212,294,244,260,41,126,125,234,25,227,66,178,200,24,175,133,249,271,121,49,165,163,5,153,25,237,221,3,39,61,156,229,295,70,194,229,195,124,164,23,129,250,299,138,226,252,30,139,16,70,242,258,181,234,20,208,202,223,21,303,289,259,93,94,220,164,227,190
9,301,218,306,223,4,157,50,250,238,62,154,281,103,27,265,112,185,88,101,148,45,115,11,222,263,0,46,77,173,229,36,173,225,22,170,84,130,73,18,212,304,78,247,103,100,173,206,261,258,46,61,76,245,306,108,303,84,109,134,198,140,145,8,84,289,67,121,124,292,161,199,11,79,102,119,185,251,294,229,133,20,124,157,4,284,20,194,279,207,67,53,174,194,278,10,24,107,44,246,210
10,272,60,101,257,76,248,135,78,50,154,20,123,188,185,103,200,106,60,240,103,35,35,72,236,222,155,268,200,157,104,254,185,173,128,9,205,14,293,275,214,51,196,47,97,7,80,278,75,25,147,302,48,196,101,107,114,290,169,300,193,81,303,188,154,41,38,85,49,34,277,94,136,170,128,150,251,231,55,243,69,273,222,210,80,167,152,233,50,136,24,11,108,32,104,65,270,6,86,107,66
11,128,143,147,34,166,270,235,283,148,95,82,255,194,39,178,253,280,229,176,107,162,212,260,5,66,185,83,208,221,4,28,233,246,84,89,240,131,235,195,91,54,86,196,193,168,4,308,90,119,95,253,19,225,209,101,155,3,193,298,232,294,27,109,32,47,137,159,192,287,256,163,63,85,103,244,228,235,287,225,116,300,284,148,190,200,171,31,250,147,193,144,296,195,97,176,7,185,10,226,46
12,212,111,292,169,186,186,165,172,43,295,148,306,216,244,211,185,296,209,257,58,97,247,163,301,32,89,248,223,233,80,269,63,47,131,229,264,180,36,7,102,1,234,42,271,224,205,222,31,3,13,300,150,248,218,239,128,213,208,183,204,106,188,292,157,230,110,53,144,299,284,72,261,166,280,287,219,253,213,82,151,90,285,253,117,138,89,155,80,250,255,194,272,215,266,197,26,131,170,62,126
13,185,36,29,86,185,68,1,138,51,238,217,169,88,237,157,194,161,245,112,194,276,246,45,43,227,107,179,211,145,301,218,182,20,260,240,132,152,249,248,56,187,110,50,208,36,120,188,68,84,60,136,95,59,155,228,33,81,90,268,132,273,68,93,280,65,222,37,8,295,134,162,193,112,201,185,175,176,282,265,64,291,63,40,254,70,181,242,297,78,240,79,192,108,122,64,10,148,5,253,158
14,98,279,190,272,192,276,10,203,30,184,85,58,10,164,222,248,156,152,35,14,180,10,134,166,231,49,274,91,80,63,258,231,97,65,216,161,253,212,220,299,268,223,150,4,132,260,52,74,305,50,79,72,177,255,121,41,279,136,209,72,267,176,66,188,270,189,232,282,234,271,202,40,226,79,228,295,284,194,0,169,198,138,146,259,166,258,219,113,160,136,113,252,5,192,269,286,55,222,31,105
15,79,180,220,185,262,150,267,132,233,179,79,224,208,133,244,18,302,116,290,64,245,140,95,83,121,64,58,41,182,27,275,119,21,181,255,118,1,201,272,290,151,55,80,289,145,126,57,116,209,200,206,300,298,175,142,141,4,260,71,171,14,262,25,66,114,182,107,142,281,40,88,206,147,123,302,240,101,17,258,156,52,160,92,209,118,70,118,102,139,229,25,300,92,222,249,28,217,203,53,138
16,66,185,73,218,308,260,273,306,164,43,145,148,180,263,269,271,158,206,121,169,228,151,217,127,0,219,285,144,40,173,184,170,72,157,224,59,66,240,28,233,111,277,55,54,93,75,172,39,281,182,281,0,253,129,138,118,69,63,116,247,285,192,268,136,139,217,256,51,252,59,271,31,146,61,194,121,77,163,7,48,202,159,7,131,85,136,281,147,233,141,228,165,257,95,42,156,163,251,139,271
17,217,53,5,157,45,105,170,130,109,183,233,190,252,249,300,285,202,164,128,280,265,208,144,181,212,288,126,160,168,55,194,47,80,152,87,73,307,106,128,252,259,148,92,69,170,148,109,102,38,143,213,239,264,230,111,7,103,11,49,116,88,137,28,16,190,266,153,9,20,78,275,182,223,308,104,136,190,109,33,132,106,269,156,144,114,141,300,169,114,167,122,196,116,116,80,299,137,13,76,243
18,19,225,124,305,212,99,85,75,85,175,205,275,21,23,141,43,249,147,88,254,28,282,267,261,154,284,108,50,64,95,216,283,184,247,175,21,136,217,99,34,136,127,280,16,301,244,258,115,268,189,288,267,251,281,25,257,268,277,181,203,118,90,182,2,135,231,38,299,128,138,78,275,257,175,281,32,55,204,119,296,150,99,17,3,123,134,142,230,286,172,109,52,77,150,173,285,252,99,101,9
19,136,292,27,23,207,87,120,59,253,61,206,185,263,107,102,136,94,107,218,184,142,269,241,161,287,159,211,115,186,26,182,66,10,68,188,28,109,3,200,41,216,97,224,58,152,308,141,84,267,221,181,228,275,121,92,281,82,298,138,226,186,73,256,30,191,75,245,306,257,202,244,214,163,276,289,157,10,188,44,260,111,38,89,161,33,69,235,58,87,124,130,294,130,287,29,80,239,65,239,228
20,1,77,142,199,34,215,194,168,137,263,303,218,249,128,125,121,174,134,115,138,230,206,43,146,28,8,55,139,88,305,73,122,32,135,19,251,273,43,171,60,274,237,256,301,87,123,91,206,111,243,231,85,107,120,166,75,197,73,30,62,290,104,32,92,88,252,273,243,139,95,91,64,299,149,298,177,68,128,188,95,218,78,19,158,26,230,275,248,95,143,210,47,284,66,137,135,49,218,56,86
21,233,162,191,252,39,172,187,220,184,78,59,290,303,113,285,73,142,23,266,206,74,12,110,97,160,30,263,188,0,245,188,111,296,133,190,263,80,276,229,58,85,294,229,291,267,258,18,95,113,290,170,69,52,304,214,277,189,47,239,101,41,180,39,257,94,79,220,104,148,128,45,135,290,20,37,259,138,150,286,21,132,264,158,238,107,145,17,226,197,61,93,299,33,257,116,174,285,306,202,260
22,24,32,301,182,236,38,289,249,214,209,235,135,24,270,16,272,195,2,285,217,12,70,118,114,162,263,242,278,119,269,80,123,44,69,237,223,243,128,27,25,175,27,20,233,204,0,43,267,167,168,6,61,77,49,69,81,165,228,208,79,206,139,201,106,233,188,14,15,243,224,278,142,288,302,164,48,158,90,141,8,269,0,60,168,18,5,71,15,5,231,4,136,278,19,44,223,169,24,203,34
23,67,46,188,52,132,289,256,0,188,34,158,92,141,79,9,264,7,251,10,29,233,134,69,180,70,17,176,164,264,217,118,265,250,219,193,29,58,169,235,262,56,50,245,0,147,186,145,24,280,253,220,36,190,46,13,148,238,48,202,160,115,29,282,7,5,1,16,6,82,94,151,146,280,54,140,124,100,118,200,108,123,82,3,233,140,229,263,148,12,277,271,139,216,178,77,179,193,74,260,287
24,290,124,136,173,118,258,286,70,171,149,40,230,107,206,297,71,235,103,155,28,167,154,120,219,215,55,101,28,141,306,48,71,128,43,139,250,279,98,177,105,279,107,214,172,127,159,275,214,293,295,178,230,7,208,4,80,11,98,220,277,278,227,295,161,112,279,4,137,249,289,210,71,164,0,207,216,291,298,216,43,193,8,164,33,233,180,274,239,137,11,45,209,180,117,51,209,271,296,174,214
25,222,194,58,67,281,90,202,159,196,32,76,152,147,154,210,117,250,12,273,116,297,203,295,31,22,56,91,132,271,222,101,142,27,185,129,4,231,23,181,59,118,33,144,144,201,273,259,69,85,40,273,293,173,119,262,156,224,10,182,151,25,149,218,29,73,199,18,25,130,14,44,131,172,143,201,184,136,180,143,241,140,10,288,275,183,21,53,161,280,131,188,222,104,243,81,137,267,114,306,218
26,190,133,92,179,237,23,100,88,18,109,9,227,95,15,194,23,35,214,50,54,24,150,139,46,253,82,178,66,218,146,107,186,221,249,133,224,274,257,90,261,196,125,258,128,53,82,29,191,121,161,55,289,104,204,35,61,273,151,179,74,6,120,278,47,216,119,286,258,4,166,155,57,251,134,243,231,173,62,59,58,83,36,153,250,154,252,64,79,89,125,241,212,169,129,59,112,79,149,77,41
27,239,28,14,147,169,13,219,82,272,18,286,136,272,225,79,256,172,192,144,155,10,267,248,160,251,143,305,291,18,134,163,41,156,88,94,280,122,307,21,53,192,167,41,78,304,13,122,76,103,72,193,211,211,113,184,123,150,180,230,225,7,301,116,284,214,198,182,100,216,218,108,101,0,147,66,24,186,80,254,80,233,163,139,57,94,194,289,114,72,14,275,157,283,262,6,57,50,80,134,308
28,150,98,4,148,38,76,2,162,281,276,104,234,102,202,95,171,222,202,295,154,261,133,291,80,140,40,237,37,165,46,170,102,261,222,161,82,196,150,112,216,93,302,180,265,217,55,26,207,19,53,98,22,89,44,134,1,255,5,244,18,242,44,287,273,72,290,270,88,117,291,259,202,98,108,59,123,116,60,236,149,147,111,56,28,57,286,278,39,193,187,180,51,17,123,285,284,236,261,182,104
29,156,83,231,154,194,184,44,146,65,279,176,292,131,166,250,167,220,78,23,110,67,274,233,153,153,158,76,119,166,43,147,171,52,305,83,41,269,262,307,1,82,156,157,83,35,124,103,164,307,249,254,176,280,60,273,173,83,257,223,209,96,134,220,3,8,224,9,245,303,198,82,271,186,245,234,69,223,131,150,41,119,108,63,15,77,12,164,268,192,181,20,55,19,304,43,82,263,253,211,59
30,288,241,11,11,100,7,68,134,303,236,30,103,9,262,245,96,238,299,125,298,299,233,98,7,208,258,67,196,260,133,106,126,176,120,99,138,65,279,255,23,108,10,45,158,276,142,173,19,68,94,299,38,286,220,64,66,307,238,135,89,62,122,198,52,66,68,17,194,284,146,130,114,247,84,88,51,112,99,161,125,257,73,150,221,121,299,92,71,157,225,124,172,35,276,145,252,233,128,176,272
31,75,113,100,298,306,238,160,121,24,267,101,295,59,286,173,17,27,237,140,274,275,2,44,175,34,243,235,171,98,162,256,239,198,213,148,269,85,136,113,179,305,172,31,139,67,104,16,270,1,262,72,11,277,61,33,58,10,268,261,292,208,267,82,260,84,46,91,127,3,5,201,198,27,42,154,296,272,58,193,308,285,126,55,34,14,216,243,9,13,198,220,242,48,130,36,15,4,18,234,69
32,56,34,52,177,220,143,48,275,261,177,187,279,151,148,25,118,150,66,1,292,29,138,53,130,85,198,121,231,75,263,129,300,196,264,116,85,5,236,57,266,124,279,116,258,280,46,219,108,57,69,163,249,105,154,219,290,302,157,96,23,262,295,113,87,264,292,293,171,118,246,179,24,284,274,155,53,28,92,20,204,295,97,79,246,161,248,134,165,235,249,9,292,141,134,153,77,75,2,29,30
33,72,184,213,143,254,294,103,107,246,68,4,105,227,118,159,235,55,210,5,250,56,105,112,205,187,201,256,199,299,179,125,248,240,143,114,254,20,275,301,196,53,137,193,137,219,171,41,181,100,31,297,266,305,215,8,42,274,66,211,30,191,109,52,179,290,10,32,128,15,255,267,163,131,226,43,164,280,162,123,267,180,302,27,9,27,39,100,170,14,191,40,307,280,302,262,33,67,58,251,43
34,147,168,207,151,71,213,302,37,283,73,69,64,226,14,70,282,266,11,196,131,268,161,23,195,286,292,136,217,252,71,166,190,102,139,209,243,6,15,108,51,73,164,211,252,0,29,295,158,224,187,196,240,75,20,192,54,204,284,299,25,166,242,263,174,241,71,83,167,134,200,28,122,244,73,180,195,249,83,58,289,0,209,65,287,30,219,227,62,209,257,215,98,249,264,255,5,150,221,241,98
35,271,54,197,276,242,273,206,135,14,214,155,207,257,149,32,41,286,41,222,176,231,5,99,214,164,214,97,138,263,185,8,48,175,296,47,289,55,70,297,279,121,105,78,93,54,87,49,7,105,227,191,42,123,150,19,26,234,278,204,262,42,64,307,247,163,180,19,54,223,221,180,263,127,236,282,181,267,105,110,223,226,91,104,63,296,305,240,121,308,65,43,164,111,191,206,234,38,236,264,220
36,155,13,138,219,162,22,192,60,4,66,16,82,187,91,4,26,292,16,99,150,273,22,297,225,264,191,193,75,286,256,68,89,303,126,164,150,49,105,240,178,41,238,36,305,22,65,70,280,24,244,287,291,140,102,141,237,68,156,70,90,153,197,306,259,86,128,229,262,193,215,6,54,30,82,143,26,141,23,244,182,141,132,306,35,13,303,161,293,176,3,135,267,31,78,103,240,42,121,209,13
37,247,63,300,216,72,245,292,167,12,88,229,133,74,298,55,60,16,71,2,191,149,7,51,102,1,259,63,256,156,38,61,143,146,71,248,135,234,24,20,90,245,179,217,278,155,294,213,263,32,280,83,81,240,98,226,274,186,79,78,33,121,274,58,43,196,205,80,297,77,238,27,156,207,83,172,270,214,9,209,45,253,22,183,283,75,150,19,134,56,216,264,243,273,300,306,118,173,14,106,74
38,81,306,180,41,240,35,108,187,150,107,296,158,245,32,167,291,255,74,159,179,62,241,193,48,79,270,253,90,174,283,274,195,12,269,279,128,36,35,71,11,236,267,154,162,260,141,113,140,154,252,248,184,130,168,237,82,45,160,201,129,277,308,291,123,150,161,213,254,70,157,110,226,278,298,277,182,123,172,190,81,154,148,43,79,165,220,106,238,161,56,222,3,83,273,159,271,223,63,81,121
39,3,68,204,91,36,206,258,163,304,65,121,197,296,89,199,231,77,87,213,231,226,198,46,258,296,140,84,266,207,211,189,144,269,216,273,57,304,168,73,97,8,89,264,70,181,91,46,220,186,82,272,92,271,151,288,202,241,290,188,84,138,138,152,180,64,143,21,259,55,240,12,144,245,137,230,172,24,265,304,304,299,150,173,120,176,167,124,4,266,106,201,280,191,161,171,268,176,191,259,140
40,208,74,159,101,216,59,104,11,165,147,94,143,19,6,7,300,253,276,254,171,279,172,205,10,13,79,174,46,128,11,283,274,71,66,167,241,163,113,44,125,265,271,274,282,275,90,286,185,302,81,108,108,68,91,117,91,101,115,25,4,170,294,22,159,250,239,115,248,185,300,286,14,235,262,118,107,156,33,285,265,255,109,205,48,235,110,143,217,124,205,2,145,28,306,113,46,45,266,7,221
41,180,263,185,78,13,44,203,248,119,17,306,183,12,100,202,62,215,205,271,299,270,53,30,241,169,59,251,107,217,303,86,243,91,226,76,189,113,124,50,85,13,182,94,177,11,207,34,142,0,100,171,206,203,157,211,205,120,85,124,220,216,30,46,34,209,99,124,184,49,160,31,27,193,206,64,274,187,203,122,238,246,120,51,175,48,308,99,184,51,155,235,10,43,209,17,170,251,40,300,73
42,188,43,39,258,228,195,107,96,172,75,22,121,306,257,130,224,210,218,174,32,203,79,148,63,5,301,106,216,134,205,261,86,162,151,276,228,95,173,96,208,84,13,296,74,284,279,179,120,63,282,80,58,57,241,88,6,243,146,199,166,101,57,45,245,174,37,258,114,121,298,240,98,200,301,250,109,29,29,139,170,165,147,169,222,293,207,0,299,213,179,160,124,285,56,125,67,204,265,131,201
43,182,97,106,95,55,301,197,34,57,135,266,270,149,132,208,5,82,284,98,16,136,93,124,56,97,57,88,81,60,144,306,52,134,158,127,137,294,228,160,92,146,83,64,57,262,26,7,126,193,96,132,27,36,305,259,49,156,288,66,223,266,156,184,42,140,82,183,4,137,205,281,296,291,238,71,10,147,107,18,92,110,105,13,242,250,93,160,168,115,118,36,49,203,52,31,211,102,97,160,293
44,260,209,140,127,70,20,66,49,255,194,54,260,137,85,216,193,232,271,91,264,302,186,61,210,252,92,125,108,34,243,271,25,153,198,299,226,160,44,141,135,278,30,109,206,293,162,133,294,22,146,75,98,153,115,280,152,119,245,304,63,145,133,145,25,227,241,181,156,253,137,101,45,35,229,77,217,7,168,125,245,242,155,130,84,168,193,11,53,152,142,190,112,140,65,274,27,214,46,269,84
45,38,114,135,171,151,88,158,195,167,246,21,48,198,216,228,38,46,161,0,140,252,111,192,138,138,164,25,8,228,62,176,159,260,19,106,197,126,174,148,5,72,64,228,95,305,263,40,83,254,251,67,269,155,100,147,178,276,95,206,12,176,79,7,55,183,120,292,208,302,152,225,161,77,289,173,101,109,125,4,284,9,143,180,108,67,50,225,205,111,132,59,231,158,71,275,257,25,82,167,177
46,23,135,239,114,145,29,28,145,191,89,267,79,203,207,69,50,196,130,147,269,194,264,284,254,18,129,120,272,161,199,24,176,272,192,202,214,242,159,107,76,134,219,112,201,193,111,171,80,241,160,305,106,223,307,0,4,258,64,86,184,92,269,102,53,173,227,266,57,182,147,100,34,87,25,196,238,19,240,279,273,5,17,230,196,172,197,154,116,168,23,47,263,218,27,253,195,188,17,216,234
47,289,276,89,77,10,266,169,180,37,127,83,271,119,251,76,233,259,37,268,220,200,262,227,171,24,81,45,70,203,47,305,139,258,105,283,99,96,111,217,143,174,131,212,39,172,286,262,91,194,202,39,264,40,86,159,252,39,142,102,38,178,171,217,144,155,32,271,195,51,82,116,3,95,97,260,47,36,98,145,299,277,227,8,211,12,270,111,13,84,199,17,94,53,26,19,167,192,249,304,263
48,29,211,0,186,249,56,200,153,201,152,216,112,53,193,53,160,81,256,201,218,65,120,283,113,120,231,233,100,31,167,233,253,166,242,304,302,212,211,170,202,58,87,7,294,229,76,271,63,166,234,161,244,187,161,28,94,143,178,15,47,204,150,308,5,145,101,150,85,45,62,167,238,23,51,166,230,307,10,129,46,249,113,36,269,189,66,208,139,300,280,125,109,209,167,35,75,66,262,146,65
49,261,117,115,0,205,152,228,28,114,113,0,93,253,2,264,8,267,0,123,45,212,51,22,25,152,35,252,39,236,191,65,55,2,206,249,127,259,110,14,235,95,12,101,7,59,189,220,92,102,5,93,87,65,256,181,203,299,234,308,13,154,302,166,178,75,278,214,267,50,239,34,205,99,110,2,305,297,25,165,209,187,245,163,141,280,271,125,51,82,149,299,239,223,166,244,42,167,156,100,109
50,255,20,237,121,221,127,91,228,8,199,77,198,6,267,46,104,274,122,210,237,91,166,82,263,192,111,30,16,266,299,18,85,9,175,23,303,0,142,291,273,138,76,225,264,24,52,291,57,295,8,303,91,64,128,308,67,89,111,21,179,122,202,30,202,269,63,130,225,202,285,74,61,24,65,145,171,208,37,29,51,73,2,262,205,56,37,24,308,288,256,301,187,103,241,34,199,156,111,110,137
51,69,280,211,141,268,175,123,150,27,230,179,77,290,138,124,249,254,234,143,112,26,283,54,86,205,146,149,273,200,34,67,97,19,32,39,112,47,75,22,170,234,138,71,32,80,164,201,43,189,174,85,187,79,11,297,107,6,198,58,76,306,238,285,299,18,78,185,0,199,171,285,68,308,9,252,268,159,303,22,211,38,4,226,243,227,59,57,141,271,48,206,202,267,70,299,125,16,223,30,68
52,259,210,54,59,82,285,39,173,250,226,26,301,18,227,197,116,290,72,212,56,295,75,111,128,295,299,148,35,211,12,213,61,169,299,287,222,140,153,137,176,243,52,198,36,182,54,20,12,155,230,12,276,235,270,218,282,115,16,245,64,249,96,103,39,181,3,71,108,189,132,152,145,34,4,44,301,257,140,81,26,250,215,70,74,134,101,187,213,256,50,208,33,211,183,200,294,152,12,170,108
53,285,123,102,113,104,163,251,194,197,79,92,302,298,195,235,45,99,285,308,136,114,263,103,4,147,167,48,308,225,280,81,132,121,259,62,9,17,268,127,191,257,22,304,295,90,272,282,172,39,179,63,308,228,16,293,12,236,86,149,73,21,20,21,64,246,28,76,287,85,88,69,305,174,32,105,232,83,22,148,195,125,157,137,31,20,268,37,107,290,154,111,121,193,265,92,171,143,283,208,53
54,93,170,168,304,226,107,98,219,258,39,140,264,231,282,59,164,138,212,90,221,174,139,60,221,48,220,203,126,135,57,104,38,26,194,147,69,161,301,287,301,68,165,124,207,140,146,86,199,91,177,144,172,224,124,255,88,109,138,22,112,77,129,250,291,168,51,145,146,301,282,127,224,6,240,263,54,4,214,268,104,45,247,11,198,11,109,26,155,43,95,171,286,132,214,138,218,219,189,85,48
55,86,266,103,56,54,141,82,202,294,20,63,160,278,281,74,9,102,14,36,87,170,210,258,9,49,300,284,49,297,13,45,80,139,306,132,106,8,139,152,284,103,208,2,167,163,36,32,113,97,132,271,263,191,251,119,31,205,164,166,35,230,54,155,269,44,200,60,145,275,28,266,93,128,200,212,269,115,65,40,175,2,220,81,65,23,138,296,264,68,77,18,188,290,231,180,138,123,69,36,40
56,204,249,299,5,158,91,92,89,213,44,207,94,15,38,122,127,282,246,297,105,305,104,239,200,181,202,2,237,137,109,59,286,96,90,238,216,45,41,106,157,97,35,243,230,72,89,242,233,54,68,99,84,183,282,44,305,288,14,17,36,91,278,193,78,111,44,260,111,0,178,60,272,176,260,165,221,80,285,267,1,40,254,186,55,105,41,306,258,301,35,240,189,37,98,187,235,74,230,243,35
57,46,103,297,301,203,43,208,281,63,140,32,210,190,295,248,169,51,73,145,192,90,125,136,47,117,33,170,24,152,111,151,180,49,283,146,81,194,207,104,10,17,91,275,143,128,112,148,46,141,220,76,205,201,39,154,271,148,154,282,29,144,165,195,305,193,53,141,255,135,158,238,172,197,45,65,43,236,279,298,162,305,57,125,253,89,253,254,219,33,268,247,283,1,20,82,282,305,239,188,229
58,299,281,63,87,29,182,210,120,224,151,191,209,31,165,180,79,20,113,252,163,118,165,210,53,67,46,231,178,158,213,40,264,301,208,48,22,93,81,124,187,200,173,272,229,226,22,256,240,196,114,199,169,19,30,98,136,185,31,294,280,281,162,213,73,0,14,125,45,176,93,161,209,47,62,189,220,175,216,13,294,244,224,160,54,191,52,22,232,65,140,107,143,124,49,88,8,18,127,66,306
59,276,260,25,230,20,66,225,56,242,21,277,184,228,86,100,302,118,242,294,229,104,287,218,203,16,279,270,183,94,130,50,103,291,153,27,159,137,288,204,192,292,288,151,302,19,274,184,52,200,149,257,80,23,169,222,56,163,270,126,88,11,70,270,222,148,194,84,240,260,104,299,174,225,284,248,129,273,141,255,268,146,43,178,73,171,103,257,255,279,110,158,171,3,145,254,35,300,120,128,54
60,13,205,298,45,44,190,19,268,187,116,126,294,221,265,225,80,257,158,172,142,1,223,222,19,245,148,188,181,298,56,10,28,151,179,123,46,139,95,84,182,48,255,246,75,120,101,272,99,301,106,306,157,257,140,300,276,227,200,4,115,86,6,294,11,103,178,264,223,173,92,193,137,294,195,76,16,74,160,210,28,55,29,165,98,139,267,279,16,119,290,140,91,51,194,89,107,135,105,39,47
61,165,47,99,21,266,81,155,67,185,302,144,201,28,224,101,75,113,306,110,157,177,266,237,151,214,95,155,184,244,166,88,8,7,36,131,188,71,38,134,201,143,193,191,240,3,92,199,217,168,123,135,177,164,300,183,174,223,263,234,75,99,67,41,239,225,230,155,220,126,110,86,133,208,34,279,122,308,176,154,71,142,161,298,101,204,203,199,178,236,114,81,88,75,210,298,160,244,85,303,219
62,302,108,69,165,188,69,204,142,225,40,95,238,124,130,44,166,236,128,193,271,260,106,119,288,44,174,199,157,91,156,55,18,295,82,66,13,25,306,252,64,122,264,227,73,211,16,76,307,101,267,201,167,38,164,1,216,90,135,41,117,222,304,277,283,137,193,215,157,81,163,132,92,276,184,106,289,47,134,24,282,92,193,46,138,46,91,38,35,60,16,100,36,307,216,11,96,182,248,111,14
63,249,201,254,134,267,274,95,245,176,200,273,2,46,271,145,245,8,150,173,25,284,61,240,67,284,298,156,76,43,255,253,163,100,149,165,285,89,171,278,269,32,245,291,19,84,191,264,241,56,137,159,39,151,97,129,255,17,176,93,139,29,161,105,124,257,250,252,204,99,308,236,162,36,28,20,155,255,281,213,23,96,151,240,113,90,272,55,99,212,117,90,16,105,215,66,113,147,70,4,257
64,303,3,187,206,21,52,115,307,58,77,48,262,121,222,175,186,219,207,135,175,166,194,269,294,275,128,70,20,180,152,14,156,106,107,125,87,190,72,40,251,115,304,70,18,113,117,238,273,228,43,74,161,1,211,14,275,199,106,16,66,131,195,290,158,58,274,231,264,291,68,5,255,12,94,93,113,12,21,174,9,213,268,212,152,29,199,205,85,248,283,126,26,247,239,252,287,144,260,152,216
65,22,87,250,302,73,211,143,106,159,268,162,142,234,243,126,10,169,249,203,127,132,9,194,134,9,139,225,285,167,68,243,238,48,189,130,199,201,210,10,203,214,231,118,151,197,242,212,4,58,238,116,15,259,297,32,187,140,100,137,104,89,275,208,166,273,197,108,190,30,45,113,66,94,44,15,271,59,32,133,29,149,172,287,6,228,36,145,45,181,74,257,25,14,173,288,0,238,3,222,166
66,248,18,183,131,256,131,223,169,9,104,164,237,259,168,274,139,59,308,76,89,70,171,92,90,51,52,53,131,142,286,9,299,3,288,69,157,147,0,79,291,105,297,11,227,205,178,69,257,7,56,58,128,189,287,150,47,98,148,162,2,198,283,112,27,305,187,13,56,29,51,47,8,265,151,79,186,193,293,113,307,238,27,204,225,303,300,217,197,103,163,114,255,233,153,150,89,29,172,261,60
67,240,305,127,159,22,223,7,161,118,237,72,241,62,279,207,278,272,186,49,223,96,199,221,85,58,86,77,129,190,69,37,227,268,75,236,38,177,199,234,110,188,189,206,274,8,193,100,223,181,117,238,163,26,293,224,286,86,105,180,145,256,281,216,130,156,183,102,91,158,170,141,302,187,271,242,82,178,84,6,57,67,250,283,40,211,259,7,251,275,296,238,245,22,301,266,69,179,158,18,122
68,286,48,79,267,170,10,212,32,289,128,134,76,38,303,240,163,149,86,124,6,112,278,127,139,89,276,299,57,78,136,99,56,125,140,117,40,287,182,249,183,63,62,290,171,157,293,254,175,134,287,90,297,242,38,34,133,97,83,284,288,149,257,84,121,54,204,158,103,236,301,297,9,239,98,214,20,113,278,291,180,41,216,25,143,157,170,265,143,148,288,280,45,113,168,126,169,213,273,124,258
69,55,167,149,307,86,71,306,98,200,253,133,150,276,181,132,301,30,257,92,125,116,297,56,38,157,133,281,166,273,125,124,297,266,230,101,53,228,68,66,3,169,66,205,94,131,298,263,33,21,142,150,55,231,198,83,251,193,253,237,271,54,207,248,261,284,129,237,110,44,63,227,13,134,6,138,142,118,35,25,38,145,213,278,277,291,242,212,187,231,75,55,193,268,180,222,87,127,145,20,103
70,111,125,238,170,32,144,189,62,268,256,186,6,123,44,93,292,47,181,107,69,83,142,259,28,308,190,300,0,242,224,62,7,172,284,297,31,255,224,63,230,158,103,110,117,77,35,60,162,149,80,184,262,43,257,193,280,174,44,248,55,269,249,38,184,189,232,278,66,165,107,251,119,143,258,264,108,212,95,289,55,114,236,303,262,49,249,131,292,26,116,80,182,303,288,204,245,0,79,13,191
71,44,146,85,118,75,207,16,243,52,71,171,242,280,247,249,21,133,129,34,72,286,153,84,297,20,200,44,295,302,75,167,146,248,3,252,200,54,79,154,71,269,150,67,164,92,88,71,221,172,63,43,63,210,167,296,104,100,210,187,39,9,225,119,286,212,156,222,13,297,232,96,298,153,282,103,116,198,120,52,272,230,246,188,17,21,148,193,175,273,46,159,184,224,126,154,134,276,106,9,135
72,175,65,19,6,222,42,62,77,217,301,61,166,246,26,263,85,173,153,166,123,94,301,147,178,173,37,18,23,90,67,63,259,185,193,143,51,171,297,82,287,145,185,195,107,85,261,162,49,245,194,280,203,8,22,244,228,277,190,266,67,286,254,159,13,213,35,284,278,54,276,269,215,101,166,273,135,199,289,10,191,191,241,128,294,230,224,130,289,296,104,227,85,115,165,291,127,145,292,0,139
73,296,151,246,35,235,278,36,242,202,111,47,57,125,306,83,31,234,56,160,235,125,27,231,307,155,290,104,193,257,42,267,34,105,81,56,5,26,154,145,270,296,49,146,110,174,195,139,14,253,103,283,179,93,70,249,126,289,227,178,194,133,127,77,160,62,88,193,228,256,109,295,80,159,144,217,11,56,250,56,147,275,288,201,128,35,147,295,218,270,219,104,304,205,83,272,308,272,151,80,110
74,213,10,308,200,51,158,247,230,180,108,180,259,120,268,29,277,218,199,231,61,208,130,114,192,95,54,74,59,187,139,234,2,95,212,184,258,247,289,294,254,220,260,251,284,291,202,27,242,179,61,290,77,0,50,199,85,270,232,85,206,136,293,89,10,133,276,308,78,161,290,8,12,16,18,144,266,182,232,185,141,240,69,203,231,222,257,102,303,44,281,64,219,60,280,192,217,70,303,185,44
75,198,147,156,244,282,280,140,261,100,83,173,195,268,187,118,2,190,59,226,4,78,60,204,252,109,24,128,65,237,221,211,21,43,276,81,255,210,10,282,172,198,104,130,186,154,183,4,258,9,281,15,116,97,125,204,204,208,213,91,119,4,71,67,109,13,285,139,252,278,64,80,283,177,121,211,199,52,183,158,126,293,189,96,10,292,204,1,64,122,34,168,101,262,200,108,4,91,225,213,129
76,16,25,221,217,196,200,173,119,142,141,38,308,250,51,266,260,228,286,69,76,156,95,305,42,194,18,266,170,124,33,5,40,293,29,293,2,28,37,12,26,37,88,156,20,187,157,150,219,211,89,145,283,219,184,53,18,228,58,274,305,57,101,274,282,48,254,244,42,76,66,261,199,155,92,293,224,67,156,75,206,229,287,209,298,236,16,237,29,130,72,179,170,62,187,190,165,98,138,10,78
77,295,173,164,233,80,302,74,294,105,297,269,128,145,9,98,135,186,254,249,97,199,129,252,253,239,193,194,174,280,44,205,294,13,274,92,76,262,62,119,42,5,21,238,181,55,300,200,30,175,20,127,68,197,197,195,60,108,59,64,269,2,95,88,119,50,60,285,274,276,111,262,221,1,288,306,192,5,245,230,73,22,100,69,43,245,142,156,247,191,206,50,134,23,189,78,51,157,185,141,96
78,263,229,244,291,135,134,61,118,270,117,246,232,191,229,296,22,79,198,27,24,189,244,16,30,190,102,236,235,272,295,204,275,206,116,136,1,239,261,114,16,247,263,231,267,103,262,85,65,223,279,104,130,178,244,227,121,160,39,262,303,60,271,40,206,120,294,122,47,89,39,18,50,69,89,18,119,33,270,135,271,288,292,235,204,129,55,41,96,2,10,132,64,176,204,278,190,89,126,266,64
79,161,228,141,270,28,271,236,20,280,164,211,24,262,59,273,153,204,233,142,219,141,83,250,119,119,305,90,210,52,88,142,72,237,11,156,47,51,58,251,238,240,140,87,250,51,98,303,35,274,283,103,3,127,72,55,296,88,252,53,212,237,48,143,213,134,159,8,27,228,237,39,279,237,162,272,205,22,110,278,222,231,164,88,234,260,31,27,23,118,236,119,160,206,63,70,239,28,16,229,161
80,148,191,258,287,53,72,238,259,69,245,138,293,118,35,182,11,39,31,109,81,145,215,154,306,209,169,187,74,295,7,265,147,98,47,228,7,170,284,168,237,298,203,194,134,71,160,68,227,10,133,229,18,136,201,260,117,282,118,19,227,213,196,51,181,184,98,289,174,237,80,283,184,171,261,95,298,207,68,63,33,192,144,305,95,32,76,282,59,88,246,181,259,126,89,217,150,12,252,8,19
81,94,206,287,254,40,47,282,184,68,165,214,4,171,40,308,289,230,171,269,252,294,146,216,21,104,62,196,68,133,226,264,148,299,45,22,298,33,164,239,195,101,108,200,170,215,34,13,304,239,215,117,235,115,262,122,170,240,108,79,19,159,240,110,146,259,211,204,241,259,43,84,285,76,85,149,100,142,61,192,135,131,184,261,263,149,307,51,209,9,28,262,71,101,308,123,30,264,169,223,136
82,129,214,44,10,214,14,281,196,117,233,170,175,214,297,2,125,281,177,277,1,188,190,255,277,77,114,64,9,267,198,294,140,179,228,29,121,124,112,201,247,213,7,253,66,139,25,126,54,29,18,137,302,71,171,130,21,239,104,60,238,23,264,175,51,46,201,62,86,103,114,254,299,275,180,29,292,60,258,206,160,186,177,57,265,216,187,292,92,299,253,184,213,157,75,238,85,289,96,238,178
83,114,21,88,17,238,151,257,305,223,166,209,39,242,64,60,275,5,55,197,278,92,33,162,32,118,228,184,82,6,275,69,234,83,253,227,215,188,2,283,12,185,129,96,290,29,59,158,134,34,66,31,135,185,23,252,232,132,207,40,114,66,117,271,79,170,106,176,160,105,7,117,120,59,277,222,0,205,148,167,131,72,115,245,146,277,196,9,14,135,17,70,27,71,291,20,183,78,129,224,57
84,173,301,47,153,68,104,217,157,186,186,100,296,160,22,217,35,71,255,117,60,107,118,75,27,141,206,117,31,249,273,12,273,131,138,25,70,151,45,164,246,229,190,8,104,180,85,144,152,145,266,57,10,103,260,97,242,114,195,142,218,175,125,104,296,303,208,203,211,229,217,21,108,103,181,12,282,149,217,283,250,95,79,259,172,184,28,65,182,166,282,270,144,131,272,235,68,149,39,91,147
85,95,89,122,61,64,237,287,218,302,142,264,200,115,136,27,161,198,13,220,249,277,4,73,155,241,103,240,61,86,296,259,37,111,95,217,148,123,18,56,133,226,119,282,196,221,281,251,292,51,134,19,156,169,173,217,159,178,300,228,205,287,248,253,242,288,301,294,164,101,177,196,56,260,10,99,223,165,292,293,247,194,304,231,199,301,292,90,249,206,58,170,246,98,29,60,226,3,181,295,21
86,100,149,43,30,130,226,284,129,32,19,147,110,251,189,233,32,108,112,72,305,106,220,262,230,273,71,304,33,39,282,117,288,200,25,96,17,107,194,91,31,239,225,63,136,295,243,302,171,87,2,64,219,160,274,104,256,40,145,229,188,113,244,4,301,82,302,281,26,124,210,170,269,258,43,72,209,151,235,263,264,167,56,112,67,232,17,149,24,211,39,253,205,61,169,161,119,161,241,237,240
87,177,274,108,84,96,181,54,102,287,70,96,163,157,45,6,77,197,304,182,275,33,251,235,99,303,307,227,201,300,212,287,90,50,156,63,24,46,27,271,50,31,15,223,22,202,62,31,215,299,101,8,159,212,24,230,175,34,54,119,102,195,158,186,241,248,31,99,163,166,135,230,306,83,117,40,68,129,268,287,210,69,190,246,213,25,8,221,288,203,158,197,74,10,6,270,264,226,244,199,91
88,41,157,16,195,290,82,37,226,39,270,117,72,140,235,195,263,62,79,105,201,98,156,48,198,23,281,241,215,99,267,17,200,56,261,280,162,181,140,157,174,160,254,129,306,249,212,84,144,59,207,92,225,94,74,133,224,76,143,112,286,126,41,161,152,6,167,70,232,40,212,207,127,7,225,87,81,204,147,261,288,279,131,16,52,31,159,117,286,241,171,282,297,236,11,225,275,307,268,155,242
89,265,267,24,103,255,225,249,164,127,247,14,265,44,236,307,304,131,43,16,120,201,242,169,300,166,195,79,212,143,251,132,245,147,109,118,283,225,259,47,74,123,72,76,235,283,68,183,148,76,49,143,284,252,276,207,270,219,159,82,260,168,187,48,101,53,147,165,102,26,245,200,251,51,133,148,78,222,197,116,205,245,28,255,60,145,140,63,154,73,185,195,38,200,154,280,117,151,137,159,31
90,118,150,6,149,287,111,113,251,76,126,299,85,212,201,138,246,13,144,132,101,225,180,25,228,78,166,31,145,262,207,308,216,263,238,8,83,91,7,285,70,89,303,95,129,214,253,35,239,298,268,78,146,67,139,102,87,99,163,240,106,142,236,72,173,3,21,103,233,119,195,30,196,54,129,57,258,287,96,271,281,261,218,197,61,52,240,42,284,219,306,261,276,186,90,286,278,248,171,93,245
91,53,219,217,69,289,36,4,64,20,30,111,221,35,198,119,250,18,101,307,213,14,167,26,51,146,84,132,263,259,215,250,301,119,279,58,256,308,130,304,236,193,28,303,140,233,95,33,266,266,113,120,307,273,109,60,304,65,203,123,130,229,105,181,217,23,166,290,43,205,253,252,164,189,197,223,303,218,283,235,148,215,26,269,301,305,262,147,211,258,29,234,271,151,205,105,39,34,87,1,267
92,274,88,74,163,12,249,32,192,210,206,31,208,174,289,33,218,89,84,4,156,229,235,223,289,201,48,38,58,26,178,288,136,254,62,259,44,263,123,3,275,270,168,60,145,265,285,105,98,139,59,139,152,31,25,264,135,168,217,132,168,160,45,164,80,85,113,254,288,2,60,42,257,116,99,85,17,247,101,157,94,278,181,121,257,127,117,23,67,116,178,128,42,109,61,118,49,288,250,78,307
93,78,287,71,53,177,233,283,198,190,76,29,231,200,219,298,108,207,110,259,258,101,193,268,124,199,181,111,232,208,148,180,295,220,308,182,286,102,192,48,13,91,293,125,72,289,61,210,305,219,195,87,195,62,237,30,138,94,219,3,296,257,298,254,75,261,185,249,97,78,31,26,112,175,167,275,22,210,267,257,87,183,179,109,83,251,294,268,65,307,228,286,261,145,73,281,122,31,207,293,111
94,6,193,193,128,139,50,195,91,67,159,183,36,129,152,267,130,105,138,274,199,105,229,79,265,136,105,282,204,160,120,230,42,207,197,207,155,213,32,65,297,171,300,158,179,210,138,176,11,246,300,211,286,236,82,132,260,303,56,224,300,164,265,137,117,217,160,162,81,28,263,277,18,65,212,286,98,107,307,175,134,216,65,24,19,220,205,129,93,92,286,0,48,237,186,256,197,65,115,123,134
95,87,85,51,115,229,303,151,301,49,12,86,60,264,46,21,242,200,277,11,286,108,290,59,94,50,165,182,161,222,290,196,151,23,58,247,143,121,187,116,232,260,149,236,293,32,100,125,186,95,302,243,93,12,294,84,299,60,107,122,246,103,52,229,268,71,9,172,275,112,37,211,235,242,39,34,218,66,241,126,67,113,239,83,256,142,114,136,0,204,38,150,233,234,146,56,203,284,42,21,301
96,103,212,184,215,293,246,14,165,293,138,300,154,207,178,123,280,93,295,204,77,19,177,131,262,94,80,249,262,83,196,94,207,35,170,154,115,260,1,303,142,272,251,167,275,261,174,5,21,14,76,226,295,124,261,78,207,201,235,50,61,52,167,17,195,206,93,27,207,149,266,256,151,230,59,167,153,184,74,194,198,42,9,301,274,217,33,273,19,7,278,289,218,242,55,38,224,290,197,109,25
97,133,265,281,174,303,189,20,111,15,239,178,283,96,151,133,57,225,217,71,186,190,69,307,188,149,117,12,287,238,90,172,280,233,37,32,62,219,129,8,250,266,220,123,15,86,166,296,272,135,222,185,105,45,131,146,68,195,299,214,200,270,69,163,113,211,258,98,147,186,35,41,105,4,74,110,58,268,189,121,259,35,176,249,94,261,238,170,124,165,248,304,79,199,238,214,201,181,15,265,225
98,159,182,160,168,276,132,218,298,22,280,137,89,201,205,237,225,21,226,113,78,13,183,123,70,291,131,202,303,283,65,252,277,281,298,296,94,211,86,74,274,238,291,181,268,121,17,273,50,17,304,52,140,18,112,106,15,131,256,277,278,202,194,233,137,186,210,1,256,12,38,136,51,108,207,123,77,169,219,43,145,24,243,86,53,109,189,14,194,63,97,229,43,243,258,32,230,116,224,92,290
99,153,42,9,212,6,85,117,199,199,228,189,228,269,61,108,267,145,178,242,145,251,16,289,285,62,246,82,87,282,114,179,110,251,26,72,206,217,266,268,264,195,209,107,260,123,296,74,3,243,306,241,86,73,10,73,140,51,38,47,284,158,36,252,187,61,237,267,93,133,71,25,223,302,218,255,194,274,151,211,93,144,212,194,292,8,176,32,189,220,293,284,35,65,40,189,61,9,162,99,97
100,268,165,165,93,2,171,239,97,126,49,160,73,175,116,8,243,193,29,168,71,178,257,256,298,223,308,51,271,163,28,241,205,249,18,61,158,21,231,207,186,293,136,250,81,270,219,228,26,75,16,25,290,233,26,62,74,23,250,42,8,282,222,251,272,280,184,282,35,169,250,37,0,179,69,67,111,234,135,181,270,32,117,20,7,297,173,40,172,128,203,30,236,15,132,293,258,22,159,153,296
101,119,95,118,240,187,250,209,69,267,63,221,192,260,254,254,308,26,108,214,260,202,71,191,247,219,287,269,111,232,2,140,51,193,215,46,156,32,52,292,128,141,5,13,242,241,251,101,190,204,224,133,32,194,68,89,214,122,45,114,163,45,299,242,56,153,142,45,231,41,148,268,113,222,303,163,117,181,236,105,286,6,191,129,100,98,215,209,181,58,47,287,289,46,42,220,166,235,194,272,154
102,187,247,166,142,131,98,105,247,56,235,107,68,153,28,251,198,29,288,29,196,222,245,137,36,246,147,283,172,140,160,90,257,204,165,135,208,117,55,224,8,303,60,3,120,287,182,44,296,199,175,168,100,74,77,194,243,295,223,104,186,280,19,140,37,235,85,242,249,97,281,32,84,227,40,269,272,1,243,2,232,94,210,119,151,66,73,297,225,45,2,260,288,295,96,7,249,155,67,186,0
103,130,275,12,303,189,242,261,244,308,210,259,304,36,241,10,36,226,279,59,216,291,270,55,223,282,266,181,276,178,83,296,289,86,167,145,274,153,242,199,173,30,77,141,52,101,147,279,168,152,91,244,281,39,228,155,46,206,165,205,180,293,128,185,118,131,19,42,36,279,86,234,89,150,176,35,297,43,113,112,77,88,293,162,293,288,68,56,3,83,123,263,29,127,133,40,36,158,48,38,142
104,25,93,227,299,197,46,161,16,216,114,139,267,105,36,242,227,289,54,114,90,283,89,122,183,101,212,71,162,144,277,127,53,294,236,54,209,40,304,97,141,235,232,265,160,108,302,177,149,15,285,153,117,144,196,186,108,285,224,29,156,141,56,244,1,55,226,188,73,108,142,157,177,232,37,141,91,79,269,242,212,105,116,251,162,19,289,110,123,167,287,308,305,152,35,39,193,254,231,214,195
105,171,288,181,107,279,54,141,122,298,169,73,297,114,30,259,27,74,231,32,197,153,85,236,76,139,163,26,246,139,119,226,254,222,204,65,136,299,117,43,2,277,143,148,13,126,259,207,146,165,193,1,88,145,75,125,263,248,181,84,71,87,11,83,244,240,149,49,201,102,29,233,273,115,119,81,141,216,51,202,262,160,118,67,181,246,115,191,42,81,12,96,114,133,85,111,176,103,165,302,192
106,131,293,272,139,57,253,101,182,162,284,84,141,101,173,15,261,191,259,183,215,234,164,50,6,258,267,87,245,61,149,161,208,6,118,301,10,75,26,263,197,233,183,113,121,66,269,108,85,73,121,154,6,128,78,245,213,123,241,139,83,199,282,148,294,11,296,186,165,37,1,52,39,297,251,206,125,98,133,106,233,60,15,308,210,272,244,245,202,285,301,58,130,281,101,243,93,259,20,308,248
107,58,174,199,96,265,252,280,235,53,250,153,199,58,226,114,142,0,185,175,40,223,285,149,103,38,36,3,128,223,58,185,256,30,63,270,129,44,274,105,285,280,134,283,123,70,113,136,193,190,135,263,65,290,0,120,194,264,40,175,283,71,121,151,4,278,89,175,186,1,106,168,220,88,297,115,160,211,207,273,192,10,106,48,76,241,160,150,144,201,259,297,135,80,147,216,78,37,232,17,32
108,189,59,95,85,206,196,279,112,181,221,62,69,29,95,0,101,243,127,58,11,54,8,109,131,183,23,80,238,44,50,247,70,76,191,2,198,237,163,122,164,307,268,161,175,114,38,19,22,81,93,128,298,213,65,54,69,130,307,246,185,211,10,33,256,203,126,63,59,7,268,232,303,72,239,28,200,127,260,164,257,289,114,161,112,131,106,158,151,30,20,143,117,181,111,301,253,81,228,194,222
109,71,296,60,38,138,145,17,141,209,72,181,244,1,78,190,91,181,76,223,41,169,211,225,26,274,168,116,209,38,170,4,13,103,49,43,291,285,180,24,256,166,171,202,96,162,301,138,195,238,173,274,186,267,240,277,193,157,266,33,248,182,89,18,279,147,163,200,40,190,254,197,282,40,56,84,285,281,262,215,100,168,188,78,62,196,302,269,200,74,254,283,173,304,107,167,276,133,247,14,244
110,91,252,286,22,126,155,71,246,192,60,251,108,126,203,143,78,130,33,89,272,32,200,41,22,41,118,205,197,9,250,26,291,127,125,144,107,166,238,143,66,132,283,177,205,176,128,121,163,215,92,130,193,207,295,247,25,155,177,115,264,163,81,261,114,2,170,39,65,84,242,55,207,10,219,21,244,195,40,35,215,267,279,54,297,244,165,299,266,108,84,33,155,4,36,290,22,209,43,244,247
111,297,257,55,227,1,96,275,71,17,35,98,159,211,172,34,240,61,42,302,92,184,58,81,29,91,132,239,99,265,287,0,82,214,60,73,19,73,196,209,277,178,270,40,135,196,237,198,262,201,276,216,109,143,53,274,195,1,80,272,152,214,141,264,276,299,121,138,79,113,141,223,280,118,86,221,66,227,231,65,258,208,7,21,235,289,2,184,290,134,32,54,141,297,7,141,221,279,304,228,262
112,144,44,266,65,89,166,121,131,276,56,297,34,164,3,172,147,88,187,234,301,207,68,206,45,52,260,145,3,121,126,44,14,226,241,245,276,132,60,206,272,159,8,218,195,298,125,274,295,128,98,125,181,147,275,126,40,184,84,18,215,307,8,243,302,16,249,57,205,153,304,138,270,282,178,17,288,230,129,41,305,51,199,127,127,269,263,132,100,110,0,288,67,190,17,106,31,231,141,23,15
113,220,178,38,66,191,149,21,3,284,36,220,95,89,272,258,257,141,155,146,189,269,189,226,93,126,153,152,281,30,91,83,20,4,280,257,102,84,109,190,162,131,95,24,296,244,303,229,211,283,10,66,214,113,79,114,287,188,162,195,265,219,305,300,176,130,81,135,19,221,50,279,41,292,26,116,307,237,155,73,161,57,135,108,21,116,192,61,253,187,4,71,23,272,69,226,238,138,270,233,156
114,196,30,248,194,283,12,127,2,143,212,167,151,287,296,97,106,160,39,33,46,138,265,49,291,276,44,92,104,175,307,51,179,287,85,290,119,81,89,308,118,289,102,62,12,124,40,39,246,303,86,264,304,279,1,278,95,41,12,260,48,303,296,37,147,141,57,31,303,226,70,111,106,124,95,240,46,119,38,57,96,296,221,290,56,226,186,190,6,287,202,291,190,52,87,128,164,59,274,5,299
115,174,302,131,189,284,287,18,285,153,275,177,87,84,150,151,82,199,62,74,79,69,236,6,71,307,9,49,233,108,150,203,287,16,184,243,262,302,308,187,169,190,242,171,272,282,187,211,37,277,27,177,64,47,29,253,183,251,185,110,282,148,154,56,198,260,272,151,257,79,187,144,252,183,14,83,161,32,93,50,203,14,207,124,70,249,175,159,135,200,299,230,291,125,10,250,212,61,6,173,12
116,134,153,273,249,62,15,138,266,220,16,23,182,286,112,293,217,144,298,82,7,246,135,13,148,298,41,8,190,220,158,64,137,252,87,266,248,3,305,68,163,55,133,119,287,130,267,0,87,284,261,9,234,157,127,65,97,152,292,43,122,20,239,126,228,224,248,47,197,136,11,114,117,52,233,195,120,238,81,27,127,169,298,271,104,42,112,144,128,268,62,203,60,93,292,224,232,99,118,45,106
117,50,121,46,235,230,159,270,296,23,251,75,15,13,31,289,154,49,28,150,130,147,173,224,173,242,249,146,30,96,230,223,268,144,246,119,160,169,22,232,104,59,128,121,273,37,210,268,201,192,54,195,252,237,6,187,168,296,61,5,165,90,16,29,289,142,168,303,273,300,168,70,300,60,249,241,103,134,271,37,66,178,251,291,45,177,62,192,171,141,152,73,120,91,247,134,97,206,94,105,90
118,178,5,274,234,298,133,224,175,104,96,291,156,308,41,111,30,135,247,73,141,198,123,273,233,105,93,35,78,216,30,187,88,304,150,24,37,67,218,178,209,205,58,255,27,277,256,3,218,287,105,96,90,294,236,276,234,70,35,232,56,183,32,74,23,49,139,205,112,194,4,165,212,28,114,128,159,85,57,219,189,84,35,107,137,276,96,98,46,4,238,166,290,258,80,57,13,20,78,49,99
119,205,105,161,273,161,124,299,86,0,283,230,131,168,50,78,20,260,94,65,83,43,26,36,292,10,43,19,267,147,87,111,35,159,59,178,299,266,8,279,245,2,181,38,45,250,153,218,247,308,278,146,97,258,87,38,162,48,255,169,268,43,214,98,26,271,6,112,17,212,207,203,47,49,232,162,203,152,34,53,235,19,192,297,2,215,164,189,167,264,70,295,221,39,48,178,64,36,192,268,164
120,199,9,179,110,84,217,198,73,151,52,109,14,235,301,247,133,85,157,129,74,81,259,306,2,255,72,14,286,151,192,183,83,57,40,300,96,224,278,155,134,61,307,295,148,111,165,152,306,137,128,175,248,119,37,3,160,56,74,87,20,73,35,231,264,304,144,88,154,69,264,205,194,285,58,297,273,185,15,226,159,239,303,1,13,197,275,229,87,131,295,138,264,167,143,182,173,178,110,297,24
121,236,183,296,155,273,187,182,270,79,208,27,217,70,209,131,151,4,163,47,80,42,227,80,55,21,152,89,167,73,204,302,267,174,55,28,58,305,85,149,95,11,228,74,298,258,241,114,209,74,125,172,4,265,18,12,246,142,91,307,40,179,51,61,191,89,171,247,32,239,280,156,237,22,93,7,42,54,274,74,76,80,83,241,75,202,291,259,260,29,111,86,274,119,103,175,207,44,52,147,38
122,252,278,233,137,292,64,134,280,95,81,272,129,136,161,150,52,248,48,298,297,63,147,76,20,272,245,290,5,189,278,193,93,300,173,59,196,150,80,222,38,50,184,276,303,203,218,174,129,61,6,208,224,162,64,235,209,146,127,28,281,221,289,15,285,268,271,97,291,141,180,119,249,57,30,26,222,242,295,36,302,46,68,263,92,112,127,301,98,178,272,256,166,296,119,21,243,187,179,230,206
123,64,71,215,226,270,262,296,269,13,139,135,147,184,261,286,128,175,21,198,228,220,63,94,77,131,211,276,213,198,121,116,128,0,196,60,89,7,118,215,61,38,258,300,238,185,206,36,197,42,303,219,218,260,146,165,113,15,140,264,164,300,280,99,139,199,213,94,169,304,214,173,28,154,19,295,234,99,67,212,168,189,30,199,126,84,298,28,190,117,43,223,151,253,237,75,19,77,298,280,112
124,89,258,269,308,112,259,291,293,211,265,227,11,150,199,26,216,231,65,46,117,306,52,213,49,129,232,279,67,231,270,272,236,230,94,302,111,280,120,264,158,19,259,288,62,285,284,230,72,203,286,97,133,86,92,302,176,260,275,250,131,98,258,135,197,117,136,120,191,201,22,15,17,5,1,24,255,261,59,124,90,91,59,37,266,93,102,91,84,255,201,175,31,142,284,61,1,224,135,212,29
125,135,62,82,205,94,214,244,5,107,130,222,12,223,228,306,190,304,38,255,263,16,114,67,150,84,90,4,62,170,41,228,187,126,20,250,296,241,214,299,48,127,214,32,232,234,97,306,125,123,275,183,277,25,170,20,265,254,254,97,302,3,146,189,226,70,43,280,301,238,203,159,81,21,120,23,13,26,218,107,107,292,53,49,86,126,34,169,298,239,31,307,76,196,33,234,192,237,288,129,163
126,84,33,91,71,23,77,60,133,116,191,280,298,205,102,77,40,261,70,215,139,250,54,179,299,71,238,201,234,113,52,286,164,192,93,53,268,246,147,111,206,112,48,219,249,300,6,287,59,88,291,224,142,99,224,81,179,111,184,196,137,167,246,172,108,247,25,81,71,66,302,65,29,74,66,86,72,21,249,198,37,8,275,229,99,257,190,4,153,52,244,133,86,13,93,218,215,164,134,193,249
127,73,7,109,161,304,6,128,115,307,232,132,50,64,65,282,258,194,4,279,18,267,41,146,278,237,213,0,56,51,220,304,160,288,250,68,300,144,56,54,75,230,285,33,90,58,240,281,17,136,246,10,78,138,203,242,146,217,240,150,127,173,123,272,143,37,125,93,281,172,186,185,231,110,122,134,102,285,186,132,110,63,306,141,240,173,98,126,126,163,237,129,59,286,163,257,74,121,168,48,5
128,256,84,275,111,17,114,78,21,55,203,12,278,91,134,234,74,165,189,232,256,55,132,96,201,40,223,213,98,125,284,15,230,11,2,90,194,268,84,236,54,253,120,12,225,31,109,194,275,96,26,179,232,274,149,70,105,149,103,6,96,217,206,20,44,177,86,78,50,21,118,184,274,64,60,96,118,40,263,12,106,207,261,72,167,188,95,68,132,93,151,167,152,8,113,69,298,201,305,206,288
129,18,248,240,245,121,292,246,265,182,300,260,194,85,97,82,145,307,201,250,306,86,159,303,106,158,138,198,120,97,23,244,276,219,50,288,273,193,253,138,83,163,18,184,223,251,73,284,23,94,144,282,237,137,202,71,71,306,36,170,81,32,230,146,21,244,29,22,177,46,251,154,268,204,88,78,59,240,244,247,3,65,233,273,307,144,146,214,212,158,105,219,223,73,84,268,289,57,112,16,79
130,126,171,48,75,193,231,5,212,163,10,218,181,109,66,188,294,101,196,194,164,21,239,18,224,211,205,37,89,122,181,153,106,46,23,239,174,295,47,34,122,100,202,149,88,268,280,55,118,83,45,249,223,193,152,37,306,191,50,291,138,47,164,212,250,195,165,243,176,217,19,22,277,117,231,231,33,122,198,163,219,252,197,52,267,152,213,84,149,170,230,165,216,135,253,109,41,118,123,33,100
131,12,110,289,123,113,55,262,205,136,24,224,251,43,192,113,129,237,191,200,91,271,57,132,204,57,256,99,142,201,190,110,167,107,178,113,110,230,246,58,221,251,34,52,228,189,99,165,38,93,4,276,119,307,210,182,191,102,153,171,45,283,80,183,61,101,262,156,158,241,83,258,266,8,23,276,80,262,143,240,179,116,266,185,49,17,269,153,112,291,73,49,65,214,31,76,242,221,293,149,305
132,244,15,178,281,244,110,22,47,166,277,282,16,193,194,139,113,273,184,86,268,216,181,203,64,281,235,21,221,126,208,92,290,143,207,1,98,111,145,280,32,69,201,83,3,48,103,146,20,50,152,197,114,241,267,295,188,154,281,253,86,255,217,86,253,77,269,133,58,218,223,153,97,273,27,186,12,206,91,252,194,122,66,238,212,60,296,232,7,242,182,141,62,213,47,16,109,207,8,273,204
133,172,81,189,213,18,199,93,239,175,150,232,63,67,221,301,123,134,96,8,291,4,46,62,72,53,20,1,63,159,298,157,22,247,295,103,207,23,165,293,283,173,169,281,127,1,282,255,150,171,198,275,26,81,136,294,236,200,211,67,100,17,40,35,236,27,307,275,246,145,140,248,111,152,109,107,191,294,164,180,102,89,308,73,286,73,218,171,242,57,127,205,37,254,43,219,292,106,35,218,268
134,145,231,259,2,46,100,263,116,115,82,33,1,128,158,148,87,33,83,37,115,41,237,31,255,93,227,59,11,87,163,290,68,70,122,222,187,149,162,139,37,217,170,179,87,91,9,87,204,212,67,36,21,4,126,90,86,287,81,61,243,187,124,24,210,222,265,173,87,142,145,186,293,289,72,147,95,11,56,170,88,120,274,4,42,153,264,166,214,53,168,12,11,100,202,165,53,110,50,94,170
135,115,202,50,187,184,30,293,181,146,249,278,20,16,253,187,54,124,301,136,243,75,76,83,286,238,278,165,97,177,168,23,221,104,268,192,191,277,222,133,139,170,45,104,173,206,192,182,96,271,231,262,45,114,238,39,225,269,188,296,42,28,160,26,67,9,289,26,123,258,122,239,288,221,191,63,178,92,291,171,186,124,185,272,268,53,182,141,94,198,37,98,118,112,94,172,72,200,300,169,275
136,195,223,96,152,200,138,139,30,156,98,275,193,273,94,88,268,155,281,261,247,82,168,38,193,269,229,254,304,240,202,89,149,235,101,232,171,215,102,93,17,0,276,263,132,164,181,301,289,185,219,268,229,133,193,52,238,127,75,303,210,151,106,191,100,25,4,299,188,96,105,221,15,165,142,90,188,228,108,137,181,29,96,200,147,81,108,196,44,302,243,16,122,87,235,260,141,60,206,54,282
137,254,297,249,269,156,261,55,289,82,219,236,146,57,131,90,188,201,272,244,266,264,276,264,274,31,61,280,288,183,36,84,209,115,224,18,48,134,21,41,108,197,32,16,209,294,249,157,279,188,116,217,170,100,250,175,43,256,155,176,7,181,50,62,170,56,76,52,213,123,53,228,19,287,196,177,257,164,73,221,85,79,104,256,302,237,0,21,27,227,245,37,281,219,190,149,266,108,142,121,88
138,59,159,303,88,299,279,9,238,149,220,226,54,40,240,283,158,28,244,178,94,44,144,292,132,188,6,220,269,110,112,29,45,39,52,268,14,74,167,129,96,184,0,164,155,39,275,294,94,46,248,37,20,272,32,246,127,176,286,302,307,40,100,209,33,176,229,109,10,59,197,129,49,213,90,139,225,246,42,38,44,199,158,94,135,79,94,89,244,222,186,162,34,149,220,264,182,46,246,142,93
139,186,273,295,229,92,275,164,216,140,190,252,117,3,55,184,14,65,15,21,118,272,36,35,250,178,255,5,229,285,236,257,252,182,182,10,169,145,144,31,165,15,244,152,226,263,12,24,254,49,74,239,171,198,212,149,137,49,308,155,231,247,272,214,233,124,268,228,30,53,41,289,38,145,306,266,300,288,273,274,269,156,11,168,220,270,85,260,133,8,227,178,17,57,218,208,241,227,198,240,292
140,280,160,139,275,85,148,3,263,19,257,307,88,90,135,246,95,100,18,217,279,110,62,113,0,304,108,141,306,74,108,156,32,74,217,49,227,174,151,216,111,282,132,289,21,27,223,66,51,202,218,110,132,266,89,169,70,202,88,161,285,276,235,57,270,205,50,23,271,25,286,219,138,161,202,215,150,180,53,84,254,93,203,136,38,15,92,6,60,249,208,306,175,212,245,223,305,275,89,200,124
141,116,2,195,126,204,297,125,147,1,188,212,53,144,155,5,266,54,188,288,177,308,44,176,191,68,248,226,127,146,164,141,30,84,79,159,104,118,252,1,231,67,157,241,114,198,28,65,276,125,102,23,126,41,114,163,112,63,233,222,144,258,63,64,165,300,42,261,253,62,185,175,219,271,269,210,126,42,238,98,24,100,86,265,157,150,97,157,235,150,165,294,39,120,289,24,98,122,132,156,266
142,152,207,125,197,225,61,234,110,231,26,184,282,142,144,137,81,277,49,165,165,195,94,195,189,27,295,296,121,107,99,255,11,116,235,286,90,115,63,17,225,142,9,242,147,191,31,93,1,153,150,174,29,58,217,210,125,73,166,148,211,200,60,246,214,245,117,199,202,280,116,274,53,255,24,219,88,172,205,296,56,234,223,295,189,267,177,251,252,247,161,244,270,235,2,79,121,280,297,89,28
143,227,56,112,47,122,296,83,72,288,195,44,43,132,56,226,114,116,93,187,259,39,272,78,37,260,221,123,220,193,151,212,306,224,159,213,86,2,303,238,43,232,92,105,194,161,129,23,203,132,170,304,127,27,96,85,161,244,132,286,295,171,92,11,8,149,298,142,226,187,90,143,104,293,295,55,36,76,45,162,35,39,72,116,303,97,57,45,158,15,251,267,115,58,260,110,208,140,187,150,236
144,292,277,280,202,128,19,94,264,91,1,190,65,270,120,142,7,258,139,251,129,256,34,164,280,33,145,81,265,28,37,71,17,203,104,88,247,256,295,189,257,109,81,86,106,99,45,235,250,37,305,44,204,293,265,197,247,57,68,259,162,67,38,203,223,123,305,223,92,210,165,146,26,157,168,33,21,166,272,297,5,290,67,142,200,295,118,201,8,23,241,41,287,255,164,112,25,205,287,127,202
145,237,303,294,144,147,288,30,166,54,27,152,29,99,252,89,143,22,238,28,161,123,307,238,245,204,296,113,17,10,103,21,263,122,218,230,217,278,161,193,276,75,20,84,215,194,114,131,287,240,206,115,35,287,192,59,217,297,110,140,120,152,226,275,125,226,240,43,138,18,292,89,22,279,290,4,37,131,211,134,225,175,270,237,109,179,239,88,179,70,150,108,168,198,263,140,124,246,62,11,76
146,54,239,283,266,35,37,180,258,21,202,80,249,166,33,260,4,154,263,267,66,71,179,133,12,167,196,222,284,46,219,197,177,69,145,150,234,203,172,53,199,140,147,213,185,236,268,21,253,285,21,242,210,42,283,96,267,253,112,83,301,130,131,31,83,204,299,226,251,242,204,220,79,196,214,70,245,139,36,149,292,274,297,207,14,278,14,264,108,107,221,154,44,78,18,158,62,13,26,172,183
147,224,272,152,116,15,25,111,24,90,254,298,113,78,163,177,138,251,211,100,59,0,56,302,3,108,91,40,114,70,60,148,46,130,248,40,18,143,277,198,68,177,253,82,251,125,235,116,124,112,162,114,44,13,67,268,35,214,78,77,190,102,198,55,128,106,158,127,46,100,252,182,77,111,213,130,89,45,234,68,227,28,240,90,164,78,24,226,166,251,80,136,235,165,141,120,259,240,53,231,212
148,141,253,62,178,250,210,260,140,77,143,262,171,255,246,174,86,97,283,9,281,243,207,52,244,280,32,257,261,247,237,232,81,167,205,214,306,218,186,218,154,249,287,188,77,237,234,253,255,28,131,42,274,171,66,200,285,298,49,289,11,223,170,177,40,178,245,178,20,32,189,35,230,238,150,181,148,87,114,66,101,30,230,219,22,248,113,120,245,90,87,117,185,21,175,22,237,232,19,120,162
149,219,55,155,8,81,26,87,94,208,244,279,153,196,80,63,195,170,232,281,178,214,98,277,271,98,203,96,203,69,20,248,112,148,266,70,108,97,292,274,224,167,188,178,203,150,227,6,128,292,25,256,242,246,264,6,240,44,262,235,267,301,216,169,99,231,8,54,60,305,84,288,42,281,305,91,143,71,44,45,114,224,46,42,23,9,155,94,69,86,260,94,186,121,297,229,283,242,27,271,42
150,246,69,70,250,211,219,253,300,252,155,199,28,271,101,62,92,43,289,138,181,102,232,182,14,299,119,33,296,227,271,100,281,255,9,85,60,223,260,165,296,86,221,204,84,286,86,12,0,233,109,252,125,126,234,116,245,77,30,247,299,265,178,194,277,208,30,184,12,244,120,241,304,301,216,135,204,221,139,264,109,304,205,59,140,69,131,262,203,36,197,237,148,69,184,102,12,229,299,75,8
151,65,0,201,280,33,5,254,95,257,74,93,5,52,242,171,191,148,47,30,238,128,250,214,60,254,3,212,187,89,15,53,201,158,161,13,253,183,230,30,147,74,308,54,99,299,204,159,73,27,269,200,25,285,207,16,272,169,295,44,176,68,266,91,102,29,221,297,227,296,259,255,227,50,267,280,6,304,146,55,50,78,119,276,97,170,104,163,273,238,88,161,92,134,92,86,142,283,257,130,145
152,278,144,59,278,269,108,27,177,259,182,242,70,71,287,42,29,117,35,108,225,292,302,157,104,213,262,173,148,93,145,31,58,163,275,107,95,101,125,250,293,290,224,301,41,169,83,42,44,237,32,30,303,182,106,243,130,78,21,12,233,227,78,279,190,185,2,129,159,8,191,121,1,62,50,50,4,25,19,104,248,270,48,106,202,256,301,241,186,304,139,182,269,217,23,242,14,294,201,179,56
153,127,61,251,251,124,129,80,143,235,293,78,253,30,67,196,276,104,267,275,106,27,306,208,184,196,104,287,305,50,51,66,228,215,163,38,293,261,146,241,28,156,1,79,100,156,277,277,156,306,217,49,30,172,299,112,53,80,218,113,293,51,181,223,74,19,238,89,277,248,6,14,96,14,182,68,252,162,177,76,153,44,21,118,295,10,201,74,118,174,157,172,208,226,290,30,143,93,1,210,72
